"","quad","year","trackID","area.t1","area.t0","age","allEdge","distEdgeMin"
"1","q15",33,10,167.82337,139.6569,1,0,-0.006500244140625
"2","q15",33,11,59.05655,12.06851,1,0,29.1581211090088
"3","q15",33,12,108.33727,33.60919,1,0,25.8635883331299
"4","q15",33,13,113.17115,268.5714,1,0,0.753668129444122
"5","q15",33,15,39.03274,9.608266,1,0,11.6568660736084
"6","q15",33,16,49.30183,14.72575,1,0,9.62138557434082
"7","q15",33,4,356.54876,1697.509,1,0,-0.00260162353515625
"8","q15",33,5,118.81891,117.8895,1,0,0.005828857421875
"9","q15",33,6,225.62393,162.7124,1,0,16.1612777709961
"10","q15",33,7,364.30541,415.6383,1,0,0.0004730224609375
"11","q15",34,10,130.87999,167.82337,2,0,1.24591064453125
"12","q15",34,12,25.0209,108.33727,2,0,20.3812274932861
"13","q15",34,13,81.937591,113.17115,2,0,8.63208103179932
"14","q15",34,15,4.53818,39.03274,2,0,15.9315452575684
"15","q15",34,16,5.328691,49.30183,2,0,6.07514619827271
"16","q15",34,24,53.93023,24.35325,1,0,7.68246412277222
"17","q15",34,7,59.82998,364.30541,2,0,5.89784240722656
"18","q15",35,10,15.69605,130.87999,3,0,-0.103446960449219
"19","q15",35,12,6.086331,25.0209,3,0,24.068660736084
"20","q15",35,13,26.252383,81.937591,3,0,0.136540144681931
"21","q15",35,24,10.90584,53.93023,2,0,2.80181741714478
"22","q15",35,8,94.653485,157.669356,3,0,-0.318749248981476
"23","q16",33,3,1181.327039,5744.417,1,0,-0.0209128316491842
"24","q16",33,4,315.58166,369.0252,1,0,-0.0209121704101562
"25","q16",34,3,682.489441,1181.327039,2,0,3.814697265625e-05
"26","q16",34,4,244.99186,315.58166,2,0,-0.050213523209095
"27","q16",35,3,120.2656577,682.489441,3,0,0.693290710449219
"28","q16",35,4,110.617112,244.99186,3,0,-0.0439376831054688
"29","q17",33,3,441.57749,5576.098,1,0,-0.040449034422636
"30","q17",33,4,162.2573,201.2393,1,0,35.8942108154297
"31","q17",33,6,144.50521,523.9833,1,0,5.12228727340698
"32","q17",34,3,16.64805,441.57749,2,0,0.00431317882612348
"33","q17",34,6,78.834,144.50521,2,0,3.59236907958984
"34","q18",33,3,976.67261,2329.357,1,0,-0.0172290839254856
"35","q18",33,4,668.12485,854.6239,1,0,-0.0565748624503613
"36","q19",33,4,23.87518,25.81325,1,0,7.34597778320312
"37","q19",33,6,224.2078,327.8586,1,0,15.1283493041992
"38","q19",33,7,51.82649,405.105,1,0,-0.0539439916610718
"39","q19",33,8,34.35972,192.846,1,0,17.1882190704346
"40","q19",33,9,39.66792,136.931,1,0,7.62805938720703
"41","q19",34,11,17.94834,124.6698,1,0,31.2947254180908
"42","q19",34,12,20.52291,16.11205,1,0,20.0914916992188
"43","q19",34,6,16.23063,224.2078,2,0,14.4362163543701
"44","q19",34,7,51.529801,51.82649,2,0,-0.0238364562392235
"45","q19",34,8,15.48103,34.35972,2,0,17.4504203796387
"46","q19",34,9,33.54076,39.66792,2,0,8.83398056030273
"47","q20",33,10,267.96999,766.12,1,0,-0.0180892944335938
"48","q20",33,11,95.11291,14.00025,1,0,17.8662052154541
"49","q20",33,12,624.80642,701.4971,1,0,0.005353894084692
"50","q20",33,14,402.7387,295.4768,1,0,-0.030548095703125
"51","q20",34,10,183.150003,267.96999,2,0,-0.00402069091796875
"52","q20",34,11,218.065,95.11291,2,0,10.4507684707642
"53","q20",34,12,426.357502,624.80642,2,0,0.000736067071557045
"54","q20",34,14,27.4675,402.7387,2,0,-0.0242080688476562
"55","q20",34,15,126.2925,374.5265,1,0,35.5854263305664
"56","q20",34,17,27.6225,11.54538,1,1,-0.0242143739014864
"57","q20",35,10,189.307492,183.150003,3,0,12.3499984741211
"58","q20",35,11,181.63858,218.065,3,0,9.85000038146973
"59","q20",35,12,87.137717,426.357502,3,0,2.45000004768372
"60","q20",35,14,124.422801,27.4675,3,0,0.649999976158142
"61","q20",35,15,33.02784,126.2925,2,0,37.7999992370605
"62","q20",35,17,66.81531,27.6225,2,1,0.0500000007450581
"63","q20",36,10,10.9178,189.307492,4,0,8.02698230743408
"64","q20",36,11,13.04189,181.63858,4,0,9.81080722808838
"65","q20",36,12,10.24033,87.137717,4,0,4.2158317565918
"66","q21",34,12,97.261347,642.2783,3,0,26.8936157226562
"67","q21",34,13,8.033116,81.6972,3,0,19.8242111206055
"68","q21",34,14,15.010827,99.81779,3,0,3.89619445800781
"69","q21",34,19,40.431318,159.8814,3,0,0.00501251220703125
"70","q21",34,20,74.657402,209.66216,3,0,3.19863128662109
"71","q21",34,21,9.276929,34.39502,3,0,30.5252265930176
"72","q21",34,23,168.811552,254.616,3,0,15.8899402618408
"73","q21",34,27,47.110256,135.8093,3,0,15.0928239822388
"74","q21",34,33,1.7822009,23.37817,1,1,-0.018341064453125
"75","q21",34,34,5.24146,45.83128,1,0,0.0016021728515625
"76","q21",34,35,9.108979,32.68296,1,0,0.016082763671875
"77","q21",34,7,23.129766,151.95044,3,0,-0.0211868286132812
"78","q21",34,8,7.655911,253.1516,3,0,-0.00760650634765625
"79","q21",34,9,29.4352691,223.1304,3,0,11.396354675293
"80","q21",35,12,98.460511,97.261347,4,0,25.1500701904297
"81","q21",35,13,26.27057,8.033116,4,0,31.5555725097656
"82","q21",35,14,15.275813,15.010827,4,0,8.49906921386719
"83","q21",35,19,40.387986,40.431318,4,0,3.98435974121094
"84","q21",35,20,75.682807,74.657402,4,0,3.20271301269531
"85","q21",35,23,120.217641,168.811552,4,0,14.2330627441406
"86","q21",35,27,41.859469,47.110256,4,0,3.73252105712891
"87","q21",35,33,1.850706,1.7822009,2,0,6.14006805419922
"88","q21",35,34,9.971718,5.24146,2,0,4.53775024414062
"89","q21",35,35,25.09056,9.108979,2,0,3.43227386474609
"90","q21",35,36,12.2757,2.687862,1,0,10.3184967041016
"91","q21",35,7,41.323239,23.129766,4,0,2.01189422607422
"92","q21",35,8,7.085461,7.655911,4,0,2.42677307128906
"93","q21",35,9,14.954692,29.4352691,4,0,5.42708587646484
"94","q21",36,12,11.7222,98.460511,5,0,24.3476943969727
"95","q21",36,13,17.00704,26.27057,5,0,27.5186977386475
"96","q21",36,35,22.76054,25.09056,3,0,-0.212532982230186
"97","q21",62,38,18.05581,34.08208,1,0,8.07094478607178
"98","q21",63,38,20.16332,18.05581,2,0,7.59246444702148
"99","q21",64,38,127.9302,20.16332,3,0,9.70650386810303
"100","q21",65,38,195.8497,127.9302,4,0,5.78941822052002
"101","q21",65,40,104.3322,26.56285,1,0,14.7623748779297
"102","q21",66,38,127.1937,195.8497,5,0,4.54795265197754
"103","q21",66,41,76.01112,27.5804,1,0,18.6240463256836
"104","q21",67,38,81.52602,127.1937,6,0,1.92882430553436
"105","q21",67,41,41.02057,76.01112,2,0,15.4322357177734
"106","q21",67,42,176.6248,36.5278,1,0,0.0199737548828125
"107","q21",67,43,49.97115,29.38654,1,0,-0.0239105224609375
"108","q22",34,15,20.270996,214.0771,3,0,-0.002471923828125
"109","q22",34,2,118.11211,249.820432,3,0,5.93463897705078
"110","q22",34,26,276.20195,426.9493,3,0,13.7117080688477
"111","q22",34,28,161.618557,885.5659,3,0,0.00215004710480571
"112","q22",34,31,78.652816,74.478041,3,0,3.19390106201172
"113","q22",34,4,19.17638,68.109546,3,0,10.6163101196289
"114","q22",34,6,55.152396,211.1223,3,0,-0.005126953125
"115","q22",34,7,71.10387,218.1765,3,0,0.691983163356781
"116","q22",35,15,38.176091,20.270996,4,0,4.72239685058594
"117","q22",35,2,42.4418773,118.11211,4,0,13.0880889892578
"118","q22",35,26,154.213271,276.20195,4,0,11.6658706665039
"119","q22",35,28,145.0383314,161.618557,4,0,0.493403911590576
"120","q22",35,31,41.553268,78.652816,4,0,3.39980316162109
"121","q22",35,4,1.905505,19.17638,4,0,15.712043762207
"122","q22",35,6,43.2553675,55.152396,4,0,6.52069854736328
"123","q22",35,7,44.959886,71.10387,4,0,1.67697048187256
"124","q22",36,15,7.633999,38.176091,5,0,0.0013580322265625
"125","q22",36,2,53.15183,42.4418773,5,0,10.1292953491211
"126","q22",36,20,60.08549,25.367308,5,0,26.1201095581055
"127","q22",36,26,179.59137,154.213271,5,0,13.3005990982056
"128","q22",36,28,171.502833,145.0383314,5,0,-0.0930321961641312
"129","q22",36,31,67.77819,41.553268,5,0,5.39836120605469
"130","q22",36,6,13.94232,43.2553675,5,0,7.86756134033203
"131","q22",36,7,36.830617,44.959886,5,0,2.69234013557434
"132","q22",37,15,49.95599,7.633999,6,0,1.39664459228516
"133","q22",37,2,110.33875,53.15183,6,0,9.28286743164062
"134","q22",37,20,102.5135,60.08549,6,0,27.2535247802734
"135","q22",37,26,502.3599,179.59137,6,0,16.1010246276855
"136","q22",37,28,270.18735,171.502833,6,0,7.00351905822754
"137","q22",37,6,27.75299,13.94232,6,0,16.9526977539062
"138","q22",37,7,30.71607,36.830617,6,0,3.72109222412109
"139","q22",38,2,57.179829,110.33875,7,0,9.13835144042969
"140","q22",38,20,62.839259,102.5135,7,0,24.6470127105713
"141","q22",38,26,306.759057,502.3599,7,0,1.40101623535156
"142","q22",38,28,170.27261,270.18735,7,0,5.78422451019287
"143","q22",39,2,34.182301,57.179829,8,0,8.79348754882812
"144","q22",39,20,4.424993,62.839259,8,0,27.5563049316406
"145","q22",39,26,44.06437,306.759057,8,0,3.42569732666016
"146","q22",39,28,19.469135,170.27261,8,0,0.274584650993347
"147","q22",40,2,39.6209,34.182301,9,0,5.01889801025391
"148","q22",40,20,51.01223,4.424993,9,0,32.6179885864258
"149","q22",40,26,104.290898,44.06437,9,0,4.61807250976562
"150","q22",40,28,60.16981,19.469135,9,0,24.568868637085
"151","q22",41,2,106.6981,39.6209,10,0,7.76371002197266
"152","q22",41,20,94.58478,51.01223,10,0,30.4765281677246
"153","q22",41,26,198.1157,104.290898,10,0,2.53298187255859
"154","q22",41,28,56.804687,60.16981,10,0,22.5758094787598
"155","q22",42,2,103.71017,106.6981,11,0,4.24574279785156
"156","q22",42,20,165.16923,94.58478,11,0,30.5351600646973
"157","q22",42,26,179.5592,198.1157,11,0,1.89665222167969
"158","q22",42,28,36.20398,56.804687,11,0,14.7185077667236
"159","q22",43,15,37.70906,29.2974,12,0,3.75701141357422
"160","q22",43,2,164.66355,103.71017,12,0,7.88886260986328
"161","q22",43,20,249.81166,165.16923,12,0,21.1454753875732
"162","q22",43,26,211.2712,179.5592,12,0,0.579620361328125
"163","q22",43,28,41.56282,36.20398,12,0,12.0601482391357
"164","q22",44,15,59.35437,37.70906,13,0,4.10321807861328
"165","q22",44,2,129.17421,164.66355,13,0,3.80146789550781
"166","q22",44,20,217.1373,249.81166,13,0,18.9778156280518
"167","q22",44,26,214.7249,211.2712,13,0,1.90016937255859
"168","q22",44,28,34.42622,41.56282,13,0,23.6078872680664
"169","q22",45,15,22.876244,59.35437,14,0,2.78097534179688
"170","q22",45,2,288.0971,129.17421,14,0,5.74779510498047
"171","q22",45,20,253.09253,217.1373,14,0,17.9416904449463
"172","q22",45,26,188.6579,214.7249,14,0,0.444602966308594
"173","q22",46,15,65.84423,22.876244,15,0,-0.286491394042969
"174","q22",46,2,180.5035,288.0971,15,0,6.65269470214844
"175","q22",46,20,279.78157,253.09253,15,0,19.6654949188232
"176","q22",46,26,268.0233,188.6579,15,0,1.33747863769531
"177","q22",47,15,107.2353,65.84423,16,0,3.90676116943359
"178","q22",47,2,157.2904,180.5035,16,0,7.93896484375
"179","q22",47,20,301.00532,279.78157,16,0,19.267972946167
"180","q22",47,26,237.0457,268.0233,16,0,-0.697509765625
"181","q22",47,38,31.9114,27.61364,1,0,5.03554153442383
"182","q22",48,15,149.7188,107.2353,17,0,-0.0157394409179688
"183","q22",48,2,170.55525,157.2904,17,0,6.41954040527344
"184","q22",48,20,358.89412,301.00532,17,0,19.2271938323975
"185","q22",48,26,331.388,237.0457,17,0,-0.035430908203125
"186","q22",48,38,25.48156,31.9114,2,0,6.78122329711914
"187","q22",49,15,85.7834,149.7188,18,0,-0.317283630371094
"188","q22",49,2,169.87986,170.55525,18,0,9.43183135986328
"189","q22",49,20,370.10067,358.89412,18,0,16.9301681518555
"190","q22",49,26,270.979,331.388,18,0,-0.676116943359375
"191","q22",49,38,35.18998,25.48156,3,0,6.83342027664185
"192","q22",50,2,186.87941,169.87986,19,0,6.30725860595703
"193","q22",50,20,436.70859,370.10067,19,0,16.0313091278076
"194","q22",50,26,545.1675,270.979,19,0,-0.343482971191406
"195","q22",50,38,69.098646,35.18998,4,0,5.39717102050781
"196","q22",51,2,355.731,186.87941,20,0,5.97528839111328
"197","q22",51,20,382.180753,436.70859,20,0,15.391809463501
"198","q22",51,26,673.0591,545.1675,20,0,-0.161003112792969
"199","q22",51,38,55.17668,69.098646,5,0,5.84966659545898
"200","q22",51,39,24.84946,13.19796,4,1,-0.50857549905777
"201","q22",51,43,4.763062,6.401705,1,0,9.89316558837891
"202","q22",51,45,3.212259,6.043396,1,0,13.9311904907227
"203","q22",51,49,9.655824,4.31814,1,0,18.7953414916992
"204","q22",51,59,5.622948,1.597672,1,0,14.2586517333984
"205","q22",52,2,368.3539,355.731,21,0,3.66512298583984
"206","q22",52,20,569.71015,382.180753,21,0,15.7012252807617
"207","q22",52,26,662.8988,673.0591,21,0,-0.137413024902344
"208","q22",52,38,114.5324,55.17668,6,0,5.96673583984375
"209","q22",52,39,49.48795,24.84946,5,1,-0.0643581002950668
"210","q22",52,49,33.06839,9.655824,2,0,21.1953353881836
"211","q22",52,69,7.292394,5.859862,1,0,6.34738254547119
"212","q22",53,2,251.7296,368.3539,22,0,4.08587646484375
"213","q22",53,20,524.09763,569.71015,22,0,15.7321929931641
"214","q22",53,26,686.129488,662.8988,22,0,0.0104293823242188
"215","q22",53,38,110.7239,114.5324,7,0,4.18157863616943
"216","q22",53,39,33.76611,49.48795,6,1,-0.142202004790306
"217","q22",54,2,474.1143,251.7296,23,0,3.65357971191406
"218","q22",54,20,807.4207,524.09763,23,0,15.6289300918579
"219","q22",54,26,858.0084,686.129488,23,0,0.008056640625
"220","q22",54,38,182.913,110.7239,8,0,3.08153104782104
"221","q22",54,39,117.4518,33.76611,7,0,0.0176391527056694
"222","q22",55,2,290.0011,474.1143,24,0,3.06755828857422
"223","q22",55,20,675.212228,807.4207,24,0,12.0860748291016
"224","q22",55,26,577.423903,858.0084,24,0,0.00724029541015625
"225","q22",55,38,58.2748,182.913,9,0,1.97573113441467
"226","q22",55,39,61.17791,117.4518,8,0,0.00142008962575346
"227","q22",56,2,305.5217,290.0011,25,0,3.81806182861328
"228","q22",56,20,591.10996,675.212228,25,0,12.5385971069336
"229","q22",56,26,824.04389,577.423903,25,0,-0.271311968564987
"230","q22",56,38,98.61757,58.2748,10,0,4.04952144622803
"231","q22",56,39,93.48129,61.17791,9,0,-0.0641351044178009
"232","q22",57,2,262.2368,305.5217,26,0,3.85443115234375
"233","q22",57,20,513.50713,591.10996,26,0,15.192985534668
"234","q22",57,26,705.49312,824.04389,26,0,-0.323445379734039
"235","q22",57,38,123.1192,98.61757,11,0,1.70011627674103
"236","q22",57,39,54.06153,93.48129,10,0,0.710836350917816
"237","q22",58,2,410.8365,262.2368,27,0,3.27581024169922
"238","q22",58,20,730.45766,513.50713,27,0,14.6547632217407
"239","q22",58,26,600.43594,705.49312,27,0,-0.265960693359375
"240","q22",58,38,118.578,123.1192,12,0,3.22764873504639
"241","q22",58,39,86.77477,54.06153,11,0,-0.0994451344013214
"242","q22",58,71,40.96672,9.925756,3,1,0.422843933105469
"243","q22",59,2,274.100047,410.8365,28,0,2.39464569091797
"244","q22",59,20,628.4318,730.45766,28,0,10.6731491088867
"245","q22",59,26,596.706,600.43594,28,0,-0.0007476806640625
"246","q22",59,38,66.92332,118.578,13,0,4.50391960144043
"247","q22",59,39,66.9068,86.77477,12,0,0.00592806981876493
"248","q22",59,72,4.143904,20.41358,1,0,20.1202926635742
"249","q22",60,2,572.7429,274.100047,29,0,7.52031707763672
"250","q22",60,20,823.8215,628.4318,29,0,13.6117572784424
"251","q22",60,26,918.52748,596.706,29,0,-0.587272644042969
"252","q22",60,38,231.0501,66.92332,14,0,4.70081424713135
"253","q22",60,39,216.8127,66.9068,13,0,0.0232260916382074
"254","q22",60,72,13.70829,4.143904,2,0,22.5029678344727
"255","q22",61,2,483.9839,572.7429,30,0,0.0657272338867188
"256","q22",61,20,737.7517,823.8215,30,0,11.0133924484253
"257","q22",61,26,880.0881,918.52748,30,0,-0.325506120920181
"258","q22",61,38,183.1562,231.0501,15,0,1.27078437805176
"259","q22",61,39,159.0122,216.8127,14,0,-0.0816370919346809
"260","q22",61,72,3.510551,13.70829,3,0,22.0994491577148
"261","q22",64,2,529.7108,373.286,33,0,0.683341979980469
"262","q22",64,20,941.7472,821.5795,33,0,12.5574226379395
"263","q22",64,26,1251.176,912.2955,33,0,-0.0137176513671875
"264","q22",64,38,213.6651,148.8329,18,0,1.32723498344421
"265","q22",64,39,187.4948,147.1542,17,0,-0.200606986880302
"266","q22",64,73,59.89071,90.74361,6,0,0.0447785183787346
"267","q22",64,74,66.5134,1.781189,1,1,-0.158920288085938
"268","q22",64,75,9.32253,21.11737,1,1,0.45458984375
"269","q22",65,2,699.0759,529.7108,34,0,0.0555343627929688
"270","q22",65,20,957.0662,941.7472,34,0,12.9130191802979
"271","q22",65,26,1179.25235,1251.176,34,0,-0.655807495117188
"272","q22",65,38,134.9491,213.6651,19,0,-0.00284704472869635
"273","q22",65,39,99.39525,187.4948,18,0,-0.0370275564491749
"274","q22",65,73,91.02448,59.89071,7,0,-0.42175018787384
"275","q22",65,75,125.9316,9.32253,2,1,0.154853820800781
"276","q22",66,2,495.27609,699.0759,35,0,-0.0897216796875
"277","q22",66,20,692.741,957.0662,35,0,2.6927638053894
"278","q22",66,26,1017.244,1179.25235,35,0,-0.355348318815231
"279","q22",66,38,121.8204,134.9491,20,0,-0.0205108523368835
"280","q22",66,39,114.9485,99.39525,19,0,-0.0995254069566727
"281","q22",66,73,77.14977,91.02448,8,0,-0.199417322874069
"282","q22",66,75,33.99669,125.9316,3,0,0.162408784031868
"283","q22",67,2,619.33866,495.27609,36,0,-0.027801513671875
"284","q22",67,20,856.776538,692.741,36,0,8.31235790252686
"285","q22",67,38,155.6402,121.8204,21,0,-0.0425459966063499
"286","q22",67,75,133.7656,33.99669,4,0,-0.187370300292969
"287","q22",70,2,776.74191,681.87967,39,0,-0.00115966796875
"288","q22",70,20,1018.319,747.9662,39,0,7.07506895065308
"289","q22",70,26,699.6624,908.74614,39,0,-0.0401382446289062
"290","q22",70,38,152.2676,219.5771,24,0,-0.0467231571674347
"291","q22",70,39,175.4597,91.441,23,0,-0.000351300608599558
"292","q22",70,73,223.3282,118.7177,12,0,0.162665873765945
"293","q22",70,75,137.444,162.708,7,0,-0.297494053840637
"294","q22",71,2,749.45454,776.74191,40,0,-0.0293197631835938
"295","q22",71,20,787.5174533,1018.319,40,0,4.82971954345703
"296","q22",71,26,711.74395,699.6624,40,0,-0.0964813232421875
"297","q22",71,38,200.7794,152.2676,25,0,-0.0197919830679893
"298","q22",71,39,101.8885,175.4597,24,0,-0.0441439189016819
"299","q22",71,73,78.04079,223.3282,13,0,-0.239922627806664
"300","q22",71,75,141.1531,137.444,8,0,0.0937728881835938
"301","q23",34,13,186.190677,546.1459,3,0,-0.0014495849609375
"302","q23",34,14,247.90308,221.85759,3,0,2.03877735137939
"303","q23",34,15,156.72682,269.82194,3,0,4.68216848373413
"304","q23",34,16,47.48632,107.275,3,0,-0.0182195343077183
"305","q23",34,18,14.97089,67.82465,3,0,-0.04908761754632
"306","q23",34,2,122.204658,224.4882,3,0,-0.0187219884246588
"307","q23",34,23,43.78131,51.19901,1,0,10.6577205657959
"308","q23",34,5,12.56644,22.08774,3,0,7.04808807373047
"309","q23",34,8,23.976725,264.96277,3,0,18.3134155273438
"310","q23",34,9,259.729267,515.152704,3,0,5.00668859481812
"311","q23",35,13,265.83071,186.190677,4,0,1.71690368652344
"312","q23",35,14,219.444313,247.90308,4,0,1.3591023683548
"313","q23",35,15,142.39542,156.72682,4,0,3.95200848579407
"314","q23",35,16,40.55688,47.48632,4,0,7.09600925445557
"315","q23",35,18,33.334867,14.97089,4,1,0.114460922777653
"316","q23",35,2,143.812471,122.204658,4,0,0.489433288574219
"317","q23",35,23,4.289197,43.78131,2,0,12.7451171875
"318","q23",35,5,24.33601,12.56644,4,0,6.20159912109375
"319","q23",35,6,43.930877,30.35835,4,0,-0.014312744140625
"320","q23",35,8,103.489045,23.976725,4,0,27.67333984375
"321","q23",35,9,251.204233,259.729267,4,0,8.23824596405029
"322","q23",36,13,116.381363,265.83071,5,0,0.803329467773438
"323","q23",36,14,102.458965,219.444313,5,0,-0.00840591825544834
"324","q23",36,15,45.63993,142.39542,5,0,3.84212183952332
"325","q23",36,16,20.98747,40.55688,5,0,8.47635459899902
"326","q23",36,2,24.326479,143.812471,5,0,0.615233719348907
"327","q23",36,4,11.24311,39.51776,5,0,5.7010498046875
"328","q23",36,8,12.114389,103.489045,5,0,25.8707580566406
"329","q23",36,9,126.837608,251.204233,5,0,5.8043270111084
"330","q23",37,13,282.09855,116.381363,6,0,1.63285064697266
"331","q23",37,14,257.71181,102.458965,6,0,-0.253007501363754
"332","q23",37,15,82.7643,45.63993,6,0,13.1701459884644
"333","q23",37,16,54.44906,20.98747,6,0,10.3257036209106
"334","q23",37,2,53.74404,24.326479,6,0,5.54621267318726
"335","q23",37,23,47.42477,31.19839,4,0,14.0371627807617
"336","q23",37,4,31.10624,11.24311,6,0,10.5700302124023
"337","q23",37,9,219.19776,126.837608,6,0,5.75103902816772
"338","q23",38,13,130.14622,282.09855,7,0,15.1015014648438
"339","q23",38,14,207.74929,257.71181,7,0,-0.514427661895752
"340","q23",38,15,45.16077,82.7643,7,0,13.3928861618042
"341","q23",38,16,28.15188,54.44906,7,0,9.52562141418457
"342","q23",38,23,46.85789,47.42477,5,0,11.6141967773438
"343","q23",38,9,152.397538,219.19776,7,0,5.20940637588501
"344","q23",39,13,10.739904,130.14622,8,0,22.0792694091797
"345","q23",39,14,47.501303,207.74929,8,0,-0.182139813899994
"346","q23",39,23,12.54792,46.85789,6,0,14.1544179916382
"347","q23",40,14,143.259,47.501303,9,0,-0.864393711090088
"348","q23",41,14,546.9654,143.259,10,0,-0.44095852971077
"349","q23",42,14,448.2677,546.9654,11,0,-0.880105972290039
"350","q23",43,14,603.4446,448.2677,12,0,-0.672384321689606
"351","q23",44,14,349.251509,603.4446,13,0,0.0578407719731331
"352","q23",44,27,314.854,467.5706,1,0,9.00656032562256
"353","q23",45,14,439.92818,349.251509,14,0,-0.898426949977875
"354","q23",45,27,379.9847,314.854,2,0,8.8524112701416
"355","q23",46,14,532.9885,439.92818,15,0,-0.953496634960175
"356","q23",46,27,690.9562,379.9847,3,0,5.34137058258057
"357","q23",47,14,681.7931,532.9885,16,0,-0.472323149442673
"358","q23",47,27,809.8574,690.9562,4,0,3.35210967063904
"359","q23",48,14,595.48473,681.7931,17,0,-0.366330564022064
"360","q23",48,27,718.4116,809.8574,5,0,0.739606499671936
"361","q23",48,28,14.99163,16.53938,1,1,-0.226737976074219
"362","q23",49,14,789.1005,595.48473,18,0,-0.23529115319252
"363","q23",49,27,1137.711,718.4116,6,0,2.13858914375305
"364","q23",49,28,57.33221,14.99163,2,1,-0.943916320800781
"365","q23",50,14,678.4931,789.1005,19,0,-1.53603136539459
"366","q23",50,27,897.4564,1137.711,7,0,4.34758377075195
"367","q23",50,28,56.91028,57.33221,3,0,-1.27749633789062
"368","q23",50,29,4.102083,3.007841,1,0,4.32278823852539
"369","q23",51,14,741.4994,678.4931,20,0,-0.153496101498604
"370","q23",51,27,1140.99008,897.4564,8,0,6.77306461334229
"371","q23",51,28,146.230407,56.91028,4,0,-0.160797119140625
"372","q23",51,29,24.095694,4.102083,2,1,3.07702779769897
"373","q23",51,30,56.24306,7.374501,1,0,1.71516418457031
"374","q23",51,33,3.86581,2.247504,1,0,16.3559894561768
"375","q23",52,14,1012.08,741.4994,21,0,-0.0751026123762131
"376","q23",52,27,1364.295,1140.99008,9,0,2.7049925327301
"377","q23",52,28,185.0866,146.230407,5,0,-0.147165685892105
"378","q23",52,29,36.77694,24.095694,3,1,-0.0985109061002731
"379","q23",52,30,58.64492,56.24306,2,0,0.0274276733398438
"380","q23",52,42,32.42845,9.836246,1,0,5.81759643554688
"381","q23",53,14,969.759312,1012.08,22,0,0.00647238036617637
"382","q23",53,27,1099.89589,1364.295,10,0,4.23583602905273
"383","q23",53,28,157.74073,185.0866,6,0,-0.0231756698340178
"384","q23",53,30,54.37386,58.64492,3,0,-0.0793609619140625
"385","q23",53,42,14.67175,32.42845,2,0,-0.033172607421875
"386","q23",54,14,953.3151,969.759312,23,0,-0.317046821117401
"387","q23",54,27,1271.52507,1099.89589,11,0,-0.184913635253906
"388","q23",54,28,193.49044,157.74073,7,0,0.133110046386719
"389","q23",54,30,93.337346,54.37386,4,0,-0.0829315185546875
"390","q23",54,42,47.14701,14.67175,3,1,-0.0288467407226562
"391","q23",55,14,947.630906,953.3151,24,0,0.0690935924649239
"392","q23",55,27,1237.961,1271.52507,12,0,0.0811614990234375
"393","q23",55,28,152.8742,193.49044,8,0,-0.134068846702576
"394","q23",55,30,84.4017137,93.337346,5,0,-0.194061279296875
"395","q23",55,42,56.56297,47.14701,4,0,-0.047882080078125
"396","q23",56,14,1024.782,947.630906,25,0,-0.195037320256233
"397","q23",56,27,1428.96474,1237.961,13,0,2.48208999633789
"398","q23",56,28,248.7595,152.8742,9,0,-0.0556564331054688
"399","q23",56,30,207.9452,84.4017137,6,0,1.41139984130859
"400","q23",56,42,92.78923,56.56297,5,0,1.39407348632812
"401","q23",57,14,1160.657,1024.782,26,0,-0.0320950448513031
"402","q23",57,27,1456.281,1428.96474,14,0,0.196128845214844
"403","q23",57,28,189.2114,248.7595,10,0,-0.479914635419846
"404","q23",57,30,286.1928,207.9452,7,0,0.0096435546875
"405","q23",58,14,1081.152,1160.657,27,0,0.00622104527428746
"406","q23",58,27,1767.018,1456.281,15,0,-0.214731514453888
"407","q23",58,28,363.33,189.2114,11,0,-0.025821465998888
"408","q23",58,30,400.2052,286.1928,8,0,-0.21063232421875
"409","q23",59,14,1238.562,1081.152,28,0,0.0651255249977112
"410","q23",59,27,1525.471,1767.018,16,0,0.1036376953125
"411","q23",59,30,469.3884,400.2052,9,0,-0.163291931152344
"412","q23",60,14,1151.639,1238.562,29,0,-1.56119334697723
"413","q23",60,27,1616.60767,1525.471,17,0,-0.42742919921875
"414","q23",60,30,463.4653,469.3884,10,0,0.175140380859375
"415","q23",61,14,1380.512,1151.639,30,0,-0.360573887825012
"416","q23",61,27,2048.229,1616.60767,18,0,0.254575669765472
"417","q23",61,28,640.153,349.4144,14,0,-1.21717882156372
"418","q23",61,30,708.3683,463.4653,11,0,0.00713348388671875
"419","q23",64,14,1303.974,563.5219,33,0,-0.448112696409225
"420","q23",64,27,1763.073,1159.836,21,0,-0.4542236328125
"421","q23",64,28,573.3913,335.75753,17,0,-0.317703247070312
"422","q23",64,30,771.2746,1609.652,14,0,0.210006713867188
"423","q23",65,14,1277.527,1303.974,34,0,-1.14791905879974
"424","q23",65,27,2055.925,1763.073,22,0,-1.08544051647186
"425","q23",65,28,601.9054,573.3913,18,0,0.642993032932281
"426","q23",65,30,599.0078,771.2746,15,0,-0.948486328125
"427","q23",66,14,1326.781,1277.527,35,0,-0.136540159583092
"428","q23",66,27,2017.097,2055.925,23,0,-0.236711114645004
"429","q23",66,28,573.3008,601.9054,19,0,0.0729994252324104
"430","q23",66,30,661.2009,599.0078,16,0,-0.167640686035156
"431","q23",67,14,1278.008,1326.781,36,0,-0.755045056343079
"432","q23",67,27,1979.454,2017.097,24,0,-0.394973754882812
"433","q23",67,28,542.118,573.3008,20,0,-0.767173767089844
"434","q23",67,30,520.0729,661.2009,17,0,0.0997695922851562
"435","q23",70,14,1191.099,1331.058,39,0,-0.0758841559290886
"436","q23",70,27,2350.004,2109.919,27,0,0.0320783443748951
"437","q23",70,28,538.3787,607.0753,23,0,-0.560783505439758
"438","q23",70,30,1284.1239,697.6589,20,0,0.00153350830078125
"439","q23",71,14,1139.903,1191.099,40,0,0.140095412731171
"440","q23",71,27,1437.4331,2350.004,28,0,-0.872688889503479
"441","q23",71,28,555.629,538.3787,24,0,-0.479112327098846
"442","q23",71,30,717.9967,1284.1239,21,0,-0.855812072753906
"443","q24",34,11,540.85571,558.21154,3,0,1.48075103759766
"444","q24",34,12,238.6949,146.9892,3,0,16.2663116455078
"445","q24",34,16,311.582834,481.07198,3,0,7.22242736816406
"446","q24",34,17,46.64932,42.6406,3,0,26.7059097290039
"447","q24",34,18,400.152267,313.5121,3,0,7.76746368408203
"448","q24",34,20,157.16871,60.09627,3,0,3.25091552734375
"449","q24",34,21,108.3735,117.4962,3,0,0.00045013427734375
"450","q24",34,23,41.64705,63.9039,3,0,-0.00048065185546875
"451","q24",34,3,210.8398,136.7072,3,0,6.71151733398438
"452","q24",34,5,210.5024,298.1744,3,0,1.48301696777344
"453","q24",35,11,158.339273,540.85571,4,0,-0.252125412225723
"454","q24",35,12,112.053543,238.6949,4,0,17.7943878173828
"455","q24",35,16,154.950754,311.582834,4,0,0.23747481405735
"456","q24",35,17,43.5231,46.64932,4,0,27.9133529663086
"457","q24",35,18,208.277881,400.152267,4,0,4.8122706413269
"458","q24",35,20,23.6228985,157.16871,4,0,0.179214477539062
"459","q24",35,21,57.4919,108.3735,4,0,0.196953430771828
"460","q24",35,23,61.26419,41.64705,4,1,0.521077692508698
"461","q24",35,3,91.112219,210.8398,4,0,5.69577789306641
"462","q24",35,5,157.194488,210.5024,4,0,-0.320137023925781
"463","q24",36,11,63.39311,158.339273,5,0,-0.022069901227951
"464","q24",36,12,56.17741,112.053543,5,0,12.722412109375
"465","q24",36,16,113.962566,154.950754,5,0,17.5191230773926
"466","q24",36,18,167.279265,208.277881,5,0,7.88126850128174
"467","q24",36,20,7.266639,23.6228985,5,0,-0.171638488769531
"468","q24",36,23,45.35167,61.26419,5,0,-0.0776402279734612
"469","q24",36,3,78.19946,91.112219,5,0,6.10572052001953
"470","q24",36,5,94.005733,157.194488,5,0,2.40548706054688
"471","q24",37,11,21.87011,63.39311,6,0,0.764292418956757
"472","q24",37,12,38.45494,56.17741,6,0,18.0329055786133
"473","q24",37,16,65.404042,113.962566,6,0,16.4936389923096
"474","q24",37,18,80.74205,167.279265,6,0,8.20230770111084
"475","q24",37,23,65.39909,45.35167,6,0,0.0736869648098946
"476","q24",37,3,66.25287,78.19946,6,0,5.70143890380859
"477","q24",37,5,70.85569,94.005733,6,0,3.78427886962891
"478","q24",38,18,98.50189,80.74205,7,0,8.19483947753906
"479","q24",38,23,64.28315,65.39909,7,0,-0.05196588113904
"480","q24",38,3,50.89116,66.25287,7,0,15.7811126708984
"481","q24",38,5,87.61403,70.85569,7,0,13.0179977416992
"482","q24",42,30,34.66669,3.456496,1,1,1.291748046875
"483","q24",43,30,12.91068,34.66669,2,0,1.99783325195312
"484","q24",43,31,32.52087,23.02851,1,0,28.4730472564697
"485","q24",44,31,34.49152,32.52087,2,0,29.2319068908691
"486","q24",45,31,78.92684,34.49152,3,0,28.520601272583
"487","q24",46,30,24.13064,3.26134,5,1,-0.0526504516601562
"488","q24",46,31,143.17,78.92684,4,0,25.7421417236328
"489","q24",47,30,26.65935,24.13064,6,0,-0.511550903320312
"490","q24",47,31,203.1753,143.17,5,0,20.722843170166
"491","q24",48,31,145.4471,203.1753,6,0,19.560396194458
"492","q24",49,31,75.55061,145.4471,7,0,20.878532409668
"493","q24",50,31,207.1861,75.55061,8,0,31.1058940887451
"494","q24",50,33,37.87227,6.834736,1,0,15.8178405761719
"495","q24",51,30,80.420109,13.114334,10,0,1.80510556697845
"496","q24",51,31,207.086891,207.1861,9,0,26.7284984588623
"497","q24",51,33,71.18986,37.87227,2,0,22.1902770996094
"498","q24",51,35,17.02576,20.51914,1,0,-0.0734312459826469
"499","q24",51,36,44.51796,21.99259,1,0,27.3667144775391
"500","q24",51,38,15.4309,7.550363,1,0,25.3361053466797
"501","q24",51,39,14.11681,0.7234629,1,0,22.3915710449219
"502","q24",51,41,7.766275,1.565503,1,0,13.4081315994263
"503","q24",51,42,31.26837,7.181831,1,0,9.8328914642334
"504","q24",52,30,20.004469,80.420109,11,0,-2.15013122558594
"505","q24",52,31,239.6464,207.086891,10,0,14.5634231567383
"506","q24",52,33,169.1175,71.18986,3,0,21.8059310913086
"507","q24",52,36,45.24806,44.51796,2,0,26.1765213012695
"508","q24",52,38,15.02941,15.4309,2,0,26.4037551879883
"509","q24",52,42,4.154016,31.26837,2,0,4.17920017242432
"510","q24",52,61,2.959524,3.870652,1,0,20.0607833862305
"511","q24",53,30,58.98097,20.004469,12,0,-0.836700439453125
"512","q24",53,31,237.937,239.6464,11,0,25.5739784240723
"513","q24",53,33,137.1056,169.1175,4,0,15.0601119995117
"514","q24",53,36,36.15615,45.24806,3,0,22.1134033203125
"515","q24",53,38,48.57531,15.02941,3,0,25.9650039672852
"516","q24",53,42,16.832427,4.154016,3,0,9.81243801116943
"517","q24",54,30,28.45805,58.98097,13,0,-0.118830338120461
"518","q24",54,31,239.3919,237.937,12,0,21.2315635681152
"519","q24",54,33,184.6064,137.1056,5,0,20.0103149414062
"520","q24",54,35,63.40109,21.50054,4,1,-0.0506631806492805
"521","q24",54,36,100.3176,36.15615,4,0,24.1614074707031
"522","q24",54,38,108.0476,48.57531,4,0,25.3751220703125
"523","q24",54,42,22.79377,16.832427,4,0,2.02482008934021
"524","q24",54,66,9.000609,5.975759,1,1,0.700195670127869
"525","q24",55,30,57.92384,28.45805,14,0,-0.118325740098953
"526","q24",55,31,303.3957,239.3919,13,0,24.2698135375977
"527","q24",55,33,203.475,184.6064,6,0,17.5497665405273
"528","q24",55,35,26.57711,63.40109,5,0,-0.0641446560621262
"529","q24",55,36,96.86047,100.3176,5,0,23.5138473510742
"530","q24",55,38,164.93695,108.0476,5,0,22.0269393920898
"531","q24",55,42,44.9366,22.79377,5,0,5.11437559127808
"532","q24",56,30,14.33598,57.92384,15,0,-1.01476287841797
"533","q24",56,31,431.1226,303.3957,14,0,21.9167251586914
"534","q24",56,33,356.2205,203.475,7,0,20.8884963989258
"535","q24",56,35,50.78438,26.57711,6,0,1.2126088142395
"536","q24",56,36,69.46737,96.86047,6,0,25.0177230834961
"537","q24",56,38,138.5445,164.93695,6,0,12.130729675293
"538","q24",56,42,46.26785,44.9366,6,0,3.85042524337769
"539","q24",57,30,40.995348,14.33598,16,1,-0.96248060464859
"540","q24",57,31,369.6099,431.1226,15,0,22.3573055267334
"541","q24",57,33,323.3842,356.2205,8,0,14.0441207885742
"542","q24",57,35,22.88803,50.78438,7,0,-0.233554407954216
"543","q24",57,36,125.3615,69.46737,7,0,24.2207794189453
"544","q24",57,38,157.2235,138.5445,7,0,21.234748840332
"545","q24",57,42,40.43372,46.26785,7,0,4.42088317871094
"546","q24",57,65,12.68119,25.82504,6,0,0.762914419174194
"547","q24",58,30,68.47542,40.995348,17,0,0.0856704711914062
"548","q24",58,31,304.5139,369.6099,16,0,23.1889533996582
"549","q24",58,33,255.301456,323.3842,9,0,15.6393966674805
"550","q24",58,35,107.18556,22.88803,8,0,3.54790782928467
"551","q24",58,36,66.99928,125.3615,8,0,20.4540481567383
"552","q24",58,38,106.9362,157.2235,8,0,21.1272506713867
"553","q24",58,42,50.27035,40.43372,8,0,5.22230195999146
"554","q24",58,65,7.642251,12.68119,7,1,-0.13841138780117
"555","q24",59,30,62.64029,68.47542,18,0,0.225318908691406
"556","q24",59,31,313.7736,304.5139,17,0,25.406982421875
"557","q24",59,33,249.9325,255.301456,10,0,7.62312316894531
"558","q24",59,35,34.377441,107.18556,9,0,0.159403964877129
"559","q24",59,36,113.0742,66.99928,9,0,24.0226135253906
"560","q24",59,38,65.41845,106.9362,9,0,17.3698654174805
"561","q24",59,42,58.72155,50.27035,9,0,1.70707893371582
"562","q24",59,65,21.7192,7.642251,8,1,0.0733941718935966
"563","q24",59,70,5.482027,13.46346,1,0,6.47336769104004
"564","q24",60,30,72.15936,62.64029,19,0,5.81395530700684
"565","q24",60,31,495.1586,313.7736,18,0,24.1539573669434
"566","q24",60,33,1014.892,249.9325,11,0,17.8124008178711
"567","q24",60,35,148.03009,34.377441,10,0,1.78729331493378
"568","q24",60,38,128.972,65.41845,10,0,18.895378112793
"569","q24",60,42,76.97117,58.72155,10,0,3.09091544151306
"570","q24",60,65,99.21832,21.7192,9,1,-0.424056112766266
"571","q24",60,70,58.56306,5.482027,2,0,5.36393880844116
"572","q24",61,30,265.5106,72.15936,20,0,-0.546953082084656
"573","q24",61,31,576.1819,495.1586,19,0,19.661096572876
"574","q24",61,33,766.1276,1014.892,12,0,11.968017578125
"575","q24",61,38,314.5516,128.972,11,0,17.9443130493164
"576","q24",61,65,33.90264,99.21832,10,0,-0.012076479382813
"577","q24",61,70,61.11191,58.56306,3,0,1.74772500991821
"578","q24",64,30,606.3874,270.8589,23,0,0.0233292281627655
"579","q24",64,31,513.4926,333.7523,22,0,16.210599899292
"580","q24",64,33,961.2954,1216.215,15,0,2.87260437011719
"581","q24",64,38,180.9543,262.0533,14,0,12.3947982788086
"582","q24",64,42,112.0638,114.4537,14,0,-0.0456235893070698
"583","q24",64,70,142.1064,108.4882,6,0,10.6745080947876
"584","q24",64,71,171.3031,187.6435,6,0,4.56388854980469
"585","q24",65,30,227.39307,606.3874,24,0,-0.066709853708744
"586","q24",65,31,518.373,513.4926,23,0,23.0438690185547
"587","q24",65,33,893.28697,961.2954,16,0,8.68913269042969
"588","q24",65,38,269.0291,180.9543,15,0,18.2689208984375
"589","q24",65,42,52.76915,112.0638,15,0,0.262949228286743
"590","q24",65,65,30.44234,36.06948,14,0,0.0798517242074013
"591","q24",65,70,70.19505,142.1064,7,0,-0.0287574306130409
"592","q24",65,71,154.6131273,171.3031,7,0,-0.351634174585342
"593","q24",66,30,208.27083,227.39307,25,0,-1.82467651367188
"594","q24",66,31,516.3962,518.373,24,0,20.6124000549316
"595","q24",66,33,1312.231236,893.28697,17,0,1.95813751220703
"596","q24",66,38,187.95302,269.0291,16,0,16.2690734863281
"597","q24",66,42,23.464114,52.76915,16,0,2.07265496253967
"598","q24",66,65,27.46766,30.44234,15,0,2.10140752792358
"599","q24",66,70,103.8541,70.19505,8,0,4.78122806549072
"600","q24",66,71,261.428,154.6131273,8,0,3.06683349609375
"601","q24",67,30,390.90995,208.27083,26,0,0.0405120849609375
"602","q24",67,31,549.7452,516.3962,25,0,19.0818672180176
"603","q24",67,33,943.1946,1312.231236,18,0,-0.036346435546875
"604","q24",67,38,34.0792,187.95302,17,0,19.4669723510742
"605","q24",67,42,73.29728,23.464114,17,0,4.17122793197632
"606","q24",67,65,28.77738,27.46766,16,0,0.0162290092557669
"607","q24",67,70,107.9579,103.8541,9,0,3.02026438713074
"608","q24",67,71,165.745,261.428,9,0,-0.0509230755269527
"609","q24",70,30,477.4886,295.2382614,29,0,-0.149312928318977
"610","q24",70,31,812.1799,526.1351,28,0,22.7108154296875
"611","q24",70,33,1311.914,1270.35995,21,0,-0.207618713378906
"612","q24",70,38,417.66632,275.89423,20,0,15.3728408813477
"613","q24",70,70,295.34379,264.67458,12,0,-0.10125844180584
"614","q24",70,71,474.3694,327.5471,12,0,-0.311595678329468
"615","q24",71,30,345.5725,477.4886,30,0,-0.0623092651367188
"616","q24",71,31,313.1325032,812.1799,29,0,11.659423828125
"617","q24",71,33,1142.145,1311.914,22,0,8.65090179443359
"618","q24",71,38,245.05999,417.66632,21,0,18.2143630981445
"619","q24",71,70,304.3800005,295.34379,13,0,-0.0260407142341137
"620","q24",71,71,357.7,474.3694,13,0,0.033182218670845
"621","q25",34,11,509.827456,2247.336,3,0,-0.0450210571289062
"622","q25",34,12,449.400328,1133.215,3,0,-0.00449371337890625
"623","q25",34,13,79.77996,138.58153,3,0,26.8335227966309
"624","q25",34,15,583.994068,1144.8086,3,0,-0.109967611730099
"625","q25",34,18,40.241396,81.63118,1,0,33.5608978271484
"626","q25",35,11,240.925938,509.827456,4,0,-0.0591964721679688
"627","q25",35,12,262.456702,449.400328,4,0,0.0280075073242188
"628","q25",35,13,34.775562,79.77996,4,0,27.2356262207031
"629","q25",35,15,295.952593,583.994068,4,0,0.00828485749661922
"630","q25",36,11,28.646642,240.925938,5,0,-0.112831115722656
"631","q25",36,12,45.128553,262.456702,5,0,-0.102439880371094
"632","q25",36,15,139.334275,295.952593,5,0,-0.127259716391563
"633","q25",37,11,83.69111,28.646642,6,0,6.14411163330078
"634","q25",37,12,83.203749,45.128553,6,0,-0.07232666015625
"635","q25",37,15,35.34218,139.334275,6,0,0.0613029077649117
"636","q25",38,12,38.91933,83.203749,7,0,-0.558319091796875
"637","q25",38,15,7.395667,35.34218,7,0,17.8531379699707
"638","q26",34,1,252.17251,1748.95715,3,0,-0.05560302734375
"639","q26",35,1,211.524404,252.17251,4,0,0.0500000007450581
"640","q27",34,22,711.574512,1866.468934,3,0,-0.0484243966639042
"641","q27",35,22,288.531049,711.574512,4,0,-0.0413131713867188
"642","q28",34,1,33.879502,298.7983,3,0,0.718353271484375
"643","q28",34,10,80.752511,144.6796,3,0,-0.00299072265625
"644","q28",34,11,50.38118,604.361,3,0,13.0936555862427
"645","q28",34,14,15.268168,296.8452,3,0,2.25981307029724
"646","q28",34,18,27.01385,161.7851,1,0,15.7228393554688
"647","q28",34,19,89.37204,24.98428,1,0,8.72399711608887
"648","q28",34,20,2.646236,143.3432,1,0,0.00901799369603395
"649","q29",35,2,83.150268,545.53811,4,0,1.41853332519531
"650","q29",35,3,0.9863662,118.125664,4,0,0.114303588867188
"651","q29",35,6,16.05262,81.7757,4,0,0.859626770019531
"652","q29",35,9,12.496854,153.06265,4,0,0.0325176492333412
"653","q29",36,2,8.880796,83.150268,5,0,0.302032470703125
"654","q29",36,3,19.403973,0.9863662,5,0,4.24076080322266
"655","q29",36,9,7.50233,12.496854,5,1,0.180727735161781
"656","q29",37,3,34.26459,19.403973,6,0,5.19884395599365
"657","q3",71,91,121.0695,46.06048,1,0,3.48404693603516
"658","q3",71,92,119.819,73.39089,1,0,17.9520702362061
"659","q3",71,93,39.43637,65.57106,1,0,-1.46823728084564
"660","q30",35,11,16.337704,11.05271,1,0,11.8723201751709
"661","q30",35,7,400.82757,1056.917442,3,0,-0.0475911125540733
"662","q30",35,8,1.909842,43.74273,3,0,0.758621215820312
"663","q30",35,9,206.975211,342.17442,3,0,-0.139976501464844
"664","q30",36,11,9.510453,16.337704,2,0,9.46114730834961
"665","q30",36,7,233.627296,400.82757,4,0,-0.0457831285893917
"666","q30",36,9,135.693581,206.975211,4,0,-0.154556274414062
"667","q30",37,11,2.902805,9.510453,3,0,10.7610921859741
"668","q30",37,13,10.11526,7.151419,1,0,14.1052093505859
"669","q30",37,7,186.657949,233.627296,5,0,-0.0447024591267109
"670","q30",37,9,188.481244,135.693581,5,0,-0.366382986307144
"671","q30",38,11,6.014274,2.902805,4,0,9.86921882629395
"672","q30",38,7,109.329995,186.657949,6,0,1.97880971431732
"673","q30",38,9,69.902219,188.481244,6,0,0.0043182373046875
"674","q30",39,11,3.94526,6.014274,5,0,10.3888378143311
"675","q30",39,7,35.6028327,109.329995,7,0,0.704293191432953
"676","q30",39,9,21.524554,69.902219,7,0,0.286836862564087
"677","q30",40,7,23.01847,35.6028327,8,0,3.43779015541077
"678","q30",40,9,32.69592,21.524554,8,0,0.192310899496078
"679","q30",41,9,78.74284,32.69592,9,0,18.7574615478516
"680","q30",42,9,96.98743,78.74284,10,0,2.52011728286743
"681","q30",43,7,37.93447,43.39676,11,0,20.7304878234863
"682","q30",43,9,126.652,96.98743,11,0,0.0821485668420792
"683","q30",44,7,149.0494,37.93447,12,0,19.8226852416992
"684","q30",44,9,209.6797,126.652,12,0,-0.0856246277689934
"685","q30",45,7,78.12856,149.0494,13,0,16.9126586914062
"686","q30",45,9,132.02456,209.6797,13,0,-0.0870079025626183
"687","q30",46,7,137.7181,78.12856,14,0,18.751148223877
"688","q30",46,9,258.52216,132.02456,14,0,0.207842499017715
"689","q30",47,7,239.0567,137.7181,15,0,15.3797273635864
"690","q30",47,9,697.2216,258.52216,15,0,0.0568746887147427
"691","q30",48,7,200.29411,239.0567,16,0,18.9366207122803
"692","q30",48,9,40.03639,697.2216,16,0,0.0399435795843601
"693","q30",49,7,155.7136,200.29411,17,0,16.2631969451904
"694","q30",49,9,141.41833,40.03639,17,0,1.39912295341492
"695","q30",50,7,113.051,155.7136,18,0,19.3583889007568
"696","q30",50,9,277.6511,141.41833,18,0,5.58347511291504
"697","q30",51,7,238.9516,113.051,19,0,18.0279006958008
"698","q30",51,9,273.72958,277.6511,19,0,0.43294882774353
"699","q30",52,7,397.1261,238.9516,20,0,15.3087158203125
"700","q30",52,9,742.0105,273.72958,20,0,0.0550791546702385
"701","q30",53,7,228.2518,397.1261,21,0,15.4689769744873
"702","q30",53,9,537.354509,742.0105,21,0,0.0412303321063519
"703","q30",54,7,213.09614,228.2518,22,0,12.5332908630371
"704","q30",54,9,571.8607,537.354509,22,0,0.0100588332861662
"705","q30",55,7,134.6797,213.09614,23,0,16.8311176300049
"706","q30",55,9,608.94715,571.8607,23,0,-0.12199542671442
"707","q30",56,27,23.35798,23.78182,1,1,-0.00799075979739428
"708","q30",56,7,65.84335,134.6797,24,0,12.6202363967896
"709","q30",56,9,572.6548,608.94715,24,0,-0.194471150636673
"710","q30",57,7,61.50401,65.84335,25,0,15.80588722229
"711","q30",57,9,969.07041,572.6548,25,0,0.675537467002869
"712","q30",58,7,146.7764,61.50401,26,0,14.4026651382446
"713","q30",58,9,1244.58356,969.07041,26,0,0.0306593533605337
"714","q30",59,27,138.344,130.3533,4,0,5.92185068130493
"715","q30",59,32,21.85291,75.7903,1,0,0.607330322265625
"716","q30",59,35,22.16002,13.14715,1,0,0.361349403858185
"717","q30",59,36,50.08093,3.143405,1,1,0.209035858511925
"718","q30",59,7,522.6315,146.7764,27,0,16.9252071380615
"719","q30",59,9,1566.85904,1244.58356,27,0,-0.282471597194672
"720","q30",60,27,90.88952,138.344,5,0,0.853524625301361
"721","q30",60,35,49.02656,22.16002,2,0,0.31248739361763
"722","q30",60,7,270.57059,522.6315,28,0,3.45979809761047
"723","q30",60,9,1077.86565,1566.85904,28,0,0.21799424290657
"724","q30",61,27,78.22617,90.88952,6,0,1.756023645401
"725","q30",61,29,6.125576,67.66752,5,0,23.4445419311523
"726","q30",61,35,17.397278,49.02656,3,0,-0.437919914722443
"727","q30",61,7,28.7955546,270.57059,29,0,0.294373244047165
"728","q30",61,9,1157.278238,1077.86565,29,0,1.47086405754089
"729","q30",62,27,318.6696,78.22617,7,0,3.799968957901
"730","q30",62,29,16.26211,6.125576,6,0,28.0881805419922
"731","q30",62,7,46.56168,28.7955546,30,0,20.796911239624
"732","q30",62,9,1955.2634,1157.278238,30,0,0.0430331043899059
"733","q30",63,27,504.3366,318.6696,8,0,0.0802071392536163
"734","q30",63,29,15.12953,16.26211,7,0,28.1863346099854
"735","q30",63,9,1218.7832,1955.2634,31,0,-0.00634002685546875
"736","q30",64,27,689.7595,504.3366,9,0,-0.354140549898148
"737","q30",64,9,822.508853,1218.7832,32,0,-0.998901128768921
"738","q30",65,27,144.110064,689.7595,10,0,-0.351264357566833
"739","q30",65,7,82.28272,10.23602,33,0,28.6686706542969
"740","q30",65,9,427.21326,822.508853,33,0,-0.0683517456054688
"741","q30",68,27,245.01241,13.79835,13,0,4.8071141242981
"742","q30",68,7,876.9856,149.15646,36,0,18.5978736877441
"743","q30",68,9,953.03285,386.356,36,0,0.155921936035156
"744","q30",69,27,114.0921,245.01241,14,0,0.0084380516782403
"745","q30",69,7,99.87996,876.9856,37,0,10.3145503997803
"746","q30",69,9,1161.89964,953.03285,37,0,-0.0361779294908047
"747","q30",70,7,160.00077,99.87996,38,0,19.70680809021
"748","q30",70,9,492.78006,1161.89964,38,0,-2.26592230796814
"749","q30",71,39,96.5417,16.57062,1,0,8.48908519744873
"750","q30",71,9,4027.5634,492.78006,39,0,-0.2557233273983
"751","q31",35,5,394.65909,606.753781,3,0,1.53949296474457
"752","q31",36,5,121.91871,394.65909,4,0,-0.271438598632812
"753","q31",37,5,173.207451,121.91871,5,0,-0.0686492919921875
"754","q31",38,5,87.582508,173.207451,6,0,-0.0480804443359375
"755","q31",49,8,32.35971,56.26521,1,0,-0.0575103759765625
"756","q31",50,8,69.39876,32.35971,2,0,0.383926391601562
"757","q31",50,9,1.624056,2.69175,1,0,3.39910888671875
"758","q31",54,8,49.73277,68.89954,6,0,-0.353314369916916
"759","q31",55,8,41.86941,49.73277,7,0,-0.178230285644531
"760","q31",56,8,83.23207,41.86941,8,0,1.36194550991058
"761","q31",57,8,75.605,83.23207,9,1,0.0570120066404343
"762","q31",60,8,232.15328,326.8846,12,0,-1.90151977539062
"763","q31",61,8,71.03276,232.15328,13,0,-0.649726867675781
"764","q31",64,8,291.399314,218.70497,16,0,-0.0570239387452602
"765","q31",65,8,212.64336,291.399314,17,0,0.400603324174881
"766","q31",66,8,344.5105,212.64336,18,0,-0.167259961366653
"767","q31",67,8,280.365,344.5105,19,0,0.25740048289299
"768","q31",68,8,789.0332,280.365,20,0,0.0500000007450581
"769","q31",69,8,429.24058,789.0332,21,0,-1.10323333740234
"770","q31",70,8,204.2465,429.24058,22,0,-0.366790771484375
"771","q31",71,8,575.1116,204.2465,23,0,-0.346194982528687
"772","q32",33,4,2627.87655,2406.68,1,0,-0.0374832153320312
"773","q32",33,5,1886.45223,2877.812,1,0,-0.00650151027366519
"774","q32",33,6,777.26576,1360.935,1,0,-0.0374705120921135
"775","q32",34,4,893.510494,2627.87655,2,0,-0.0118637084960938
"776","q32",34,5,345.733511,1886.45223,2,0,-0.00596370454877615
"777","q32",34,6,305.62224,777.26576,2,0,-0.00344030978158116
"778","q32",34,7,11.335198,90.48537,1,0,2.60747694969177
"779","q32",35,4,273.715981,893.510494,3,0,0.29718017578125
"780","q32",35,5,114.080383,345.733511,3,0,-0.540569722652435
"781","q32",35,6,108.767969,305.62224,3,0,0.209978342056274
"782","q32",36,4,48.152136,273.715981,4,0,0.179435729980469
"783","q32",36,5,25.8985,114.080383,4,0,-0.0073434985242784
"784","q32",36,6,66.247843,108.767969,4,0,0.823310852050781
"785","q32",37,5,18.77995,25.8985,5,0,8.31366920471191
"786","q32",37,6,13.3035,66.247843,5,0,9.95101928710938
"787","q32",61,11,17.29886,9.22523,1,0,12.5730266571045
"788","q32",64,11,143.4869,86.84675,4,0,7.02487802505493
"789","q32",65,11,146.2862,143.4869,5,0,0.155481055378914
"790","q32",66,11,245.9219,146.2862,6,0,3.6084930896759
"791","q34",44,136,69.113,10.67834,1,0,26.6818771362305
"792","q34",44,138,55.01038,36.26593,1,1,-1.10649967193604
"793","q4",69,99,282.0887,312.3059,1,0,11.8892335891724
"794","q4",71,98,240.1504,259.9727,6,0,13.7119445800781
"795","q42",35,102,1.73039,21.44222,1,0,9.47447204589844
"796","q42",35,82,4.301586,11.04259,1,0,9.29660034179688
"797","q42",36,82,10.30641,4.301586,2,0,8.44744110107422
"798","q45",34,95,45.684744,106.1567,1,0,8.23735904693604
"799","q6",68,101,51.05063,6.408288,1,0,14.3714447021484
"800","q6",69,101,67.61379,51.05063,2,0,9.92787170410156
"801","q6",70,101,25.56586,67.61379,3,0,10.1154632568359
"802","q6",71,101,141.7872,25.56586,4,0,15.0466079711914
"803","q7",63,83,95.25189,11.3458,1,0,34.1203918457031
"804","q7",66,83,133.795,268.1546,4,0,27.1810760498047
"805","q7",67,83,272.3222,133.795,5,0,31.9308242797852
"806","q7",68,83,362.8875,272.3222,6,0,20.6310348510742
"807","q7",69,83,336.4014,362.8875,7,0,15.3544082641602
"808","q7",70,83,757.1924,336.4014,8,0,22.6172714233398
"809","q7",71,83,568.2606,757.1924,9,0,15.8721466064453
"810","q8",64,27,111.6672,125.8724,1,0,4.05561065673828
"811","q8",65,27,80.79561,111.6672,2,0,9.83563232421875
"812","q8",65,28,68.28075,69.67735,1,0,24.3829936981201
"813","q8",66,27,185.9616,80.79561,3,0,4.39911651611328
"814","q8",66,28,113.3318,68.28075,2,0,25.0368061065674
"815","q8",67,27,199.8054,185.9616,4,0,-0.0109634399414062
"816","q8",67,28,177.8667,113.3318,3,0,30.747091293335
"817","q8",68,27,443.6072,199.8054,5,0,1.93749237060547
"818","q8",68,28,435.9272,177.8667,4,0,24.924165725708
"819","q8",68,30,64.66772,7.682408,1,0,11.3867492675781
"820","q8",69,27,691.0363,443.6072,6,0,2.04460906982422
"821","q8",69,28,339.5684,435.9272,5,0,19.5334205627441
"822","q8",69,30,137.8629,64.66772,2,0,11.0428314208984
"823","q8",70,27,289.1271,691.0363,7,0,-0.0164871215820312
"824","q8",70,28,180.445,339.5684,6,0,18.4629993438721
"825","q8",70,30,115.5259,137.8629,3,0,8.26492309570312
"826","q8",70,32,143.7085,169.5654,1,0,-0.383369445800781
"827","q8",70,33,22.02652,118.8131,1,0,22.0823364257812
"828","q8",71,27,406.4496,289.1271,8,0,-0.0316390991210938
"829","q8",71,28,245.3603,180.445,7,0,29.3997192382812
"830","q8",71,30,268.1862,115.5259,4,0,6.65628814697266
"831","q8",71,32,224.3229,143.7085,2,0,-0.226730346679688
"832","q8",71,33,50.38826,22.02652,2,0,25.0180206298828
"833","q8",71,34,57.49102,28.44313,1,0,-0.0084381103515625
"834","q8",71,35,147.0892,145.9321,1,0,0.0152234900742769
