"quad","year","SP_ID","x","y","GenID"
"C1P",15,"1","1.7168284030386","78.8774855319988","1"
"C1P",15,"4","23.9883476149526","70.2795633148141","4"
"C1P",15,"7","4.9969381551733","69.8454286966577","7"
"C1P",15,"9","28.9270562169679","56.9845138352805","9"
"C1P",15,"10","24.860480075074","49.6254557200334","10"
"C1P",15,"11","17.8259903272015","53.1190695390758","11"
"C1P",15,"12","12.9222928300221","44.3038121878591","12"
"C1P",15,"15","5.00350931399118","27.4547072640091","15"
"C1P",15,"17","20.92302333268","4.19746884928106","17"
"C1P",15,"20","61.2413046490078","18.9705397542272","20"
"C1P",15,"21","65.1197277912847","13.7985451031688","21"
"C1P",15,"24","76.7045504377215","7.12074050475859","24"
"C1P",15,"25","98.5104161607398","3.48957835556969","25"
"C1P",15,"27","88.112999600401","8.43618792938238","27"
"C1P",15,"28","93.9069000488423","8.91428239163587","28"
"C1P",15,"29","76.7417233111254","27.1364855244467","29"
"C1P",15,"30","99.115310498672","30.5974310880849","30"
"C1P",15,"31","95.0261263162736","46.2230468123916","31"
"C1P",15,"33","97.5666785193852","56.2368288705704","33"
"C1P",15,"36","95.2653210895979","62.0468320394839","36"
"C1P",15,"37","67.4184067365736","56.0421608320407","37"
"C1P",15,"39","83.1194346063018","65.2907006503894","39"
"C1P",15,"50","88.9840230511308","85.7665936914584","50"
"C1P",15,"53","84.4507404257432","95.4629107117793","53"
"C1P",15,"55","75.9713148214322","97.9886694772962","55"
"C5P",17,"0","13.3534117144241","98.5788948666703","0"
"C5P",17,"1","13.5420334849476","94.4193783384676","1"
"C5P",17,"2","0.90861803260322","91.9560736075493","2"
"C5P",17,"3","1.40350139195523","78.9421863081751","3"
"C5P",17,"4","13.0403031875246","82.1628948979536","4"
"C5P",17,"5","20.4707919387918","79.7872193993672","5"
"C5P",17,"6","30.5057118694548","90.0753726814952","6"
"C5P",17,"7","43.2692108824399","99.374724026209","7"
"C5P",17,"8","50.1309395474363","95.9687926589338","8"
"C5P",17,"9","42.2595642083156","91.4171842379932","9"
"C5P",17,"10","41.7450374422423","82.0129011102822","10"
"C5P",17,"11","35.482737844771","81.8887200489551","11"
"C5P",17,"12","40.38974740525","73.8334348085918","12"
"C5P",17,"13","44.5356641637084","77.2770255715176","13"
"C5P",17,"14","48.2262752747522","80.7781769739857","14"
"C5P",17,"15","61.0870889416755","87.3362885586699","15"
"C5P",17,"16","74.8019403722711","94.8008152155124","16"
"C5P",17,"17","81.525196588652","95.3987490836776","17"
"C5P",17,"18","90.3680617533093","93.5345708984524","18"
"C5P",17,"19","92.939054363505","90.3668525430293","19"
"C5P",17,"20","85.2464172506046","86.5228663599214","20"
"C5P",17,"21","80.2831439520441","84.9139466101079","21"
"C5P",17,"22","75.3855997616062","84.9811770783798","22"
"C5P",17,"23","69.223655067173","83.5952698176382","23"
"C5P",17,"24","74.5817326644549","87.5933621135275","24"
"C5P",17,"25","29.764939610594","65.2850394966884","25"
"C5P",17,"26","36.3390083148881","61.133222285061","26"
"C5P",17,"27","43.564772241477","59.9267183534961","27"
"C5P",17,"28","51.8105619855704","66.850669247192","28"
"C5P",17,"29","51.8657391882514","75.4298488796001","29"
"C5P",17,"30","55.1090061053307","75.4273184067492","30"
"C5P",17,"31","48.5480664632688","72.4110181260397","31"
"C5P",17,"32","58.6049166856139","70.3388468196548","32"
"C5P",17,"33","61.2419451872366","77.5956276877286","33"
"C5P",17,"34","64.632646117575","81.9556051387608","34"
"C5P",17,"35","71.7239611636738","78.8177066344276","35"
"C5P",17,"36","76.0832510708168","78.9201164311909","36"
"C5P",17,"37","72.3184923111824","74.4796761419898","37"
"C5P",17,"38","76.6825810295633","73.4769299064396","38"
"C5P",17,"39","80.3050449804569","75.3708980269712","39"
"C5P",17,"40","83.0402312270527","73.17186466471","40"
"C5P",17,"41","85.1421429550032","70.978638285794","41"
"C5P",17,"42","88.1040414417127","71.7599608686022","42"
"C5P",17,"43","88.0599034596671","81.1755941305012","43"
"C5P",17,"44","87.8902597374235","77.9827513215721","44"
"C5P",17,"45","92.1957376835952","77.2385515419776","45"
"C5P",17,"46","85.4051557822889","67.1614182335464","46"
"C5P",17,"47","90.3178767640314","59.0874810806766","47"
"C5P",17,"48","98.7611349056203","71.8647605902007","48"
"C5P",17,"49","98.249093304034","67.5246103628138","49"
"C5P",17,"50","83.4476481358251","53.1661266007772","50"
"C5P",17,"51","63.5762334815031","58.5589713283509","51"
"C5P",17,"52","7.7153173753279","61.308422577286","52"
"C5P",17,"53","15.569034599673","60.2608206741716","53"
"C5P",17,"54","18.778186154425","57.8251694463921","54"
"C5P",17,"55","22.2796001780177","56.741765222194","55"
"C5P",17,"56","12.5700867992742","52.5798710826384","56"
"C5P",17,"57","9.39372580696226","47.6357651785366","57"
"C5P",17,"58","20.7085387871155","43.9619389521259","58"
"C5P",17,"59","17.6155146842087","41.9341709720146","59"
"C5P",17,"60","24.0846180042192","51.1937259769175","60"
"C5P",17,"61","32.8114876637634","48.0630786893091","61"
"C5P",17,"62","39.385800317072","53.647894773387","62"
"C5P",17,"63","45.0119658948287","46.8666786472852","63"
"C5P",17,"64","47.3211559665953","43.4015209968601","64"
"C5P",17,"65","51.0265163391942","44.0656652923349","65"
"C5P",17,"66","55.8541167768246","40.6359051207631","66"
"C5P",17,"67","52.6788882982818","40.0169710296285","67"
"C5P",17,"68","61.7352329528572","44.922239084139","68"
"C5P",17,"69","57.2791153000449","46.4254933043392","69"
"C5P",17,"70","52.788764274506","49.5455037627102","70"
"C5P",17,"71","31.9156797939456","40.7877248479406","71"
"C5P",17,"72","34.2912115486065","42.5651424805002","72"
"C5P",17,"73","39.4622430195364","38.2864150068859","73"
"C5P",17,"74","32.8731330343493","35.6230910354247","74"
"C5P",17,"75","36.8982941158619","33.5291845016053","75"
"C5P",17,"76","33.2282712547025","27.8755419798777","76"
"C5P",17,"77","28.2110312949343","25.5733747233885","77"
"C5P",17,"78","22.4829833311741","27.488556302701","78"
"C5P",17,"79","17.5060480159971","31.8795877578785","79"
"C5P",17,"80","11.8821898506471","36.6799689523018","80"
"C5P",17,"81","3.95946530261087","38.1053349472741","81"
"C5P",17,"82","8.35056443199957","25.2486528259078","82"
"C5P",17,"83","18.1180047840229","22.976977203001","83"
"C5P",17,"84","16.9454643423831","19.1159393063257","84"
"C5P",17,"85","5.93657265010923","18.7022855243187","85"
"C5P",17,"86","6.73889729114425","11.476962497631","86"
"C5P",17,"87","1.55775610765723","10.0669413817523","87"
"C5P",17,"88","12.353201806848","5.03356498442447","88"
"C5P",17,"89","21.1630983430162","10.2025725402205","89"
"C5P",17,"90","28.380047501491","6.7366044231825","90"
"C5P",17,"91","49.6637603411038","8.67268104531946","91"
"C5P",17,"92","49.6903690050876","25.3074283076418","92"
"C5P",17,"93","62.9094561194095","23.8181716853304","93"
"C5P",17,"94","71.0319213163133","25.07289091737","94"
"C5P",17,"95","77.6484027054846","28.1788907633479","95"
"C5P",17,"96","82.1929958801973","31.5497031303281","96"
"C5P",17,"97","91.9378416564799","32.6839572917646","97"
"C5P",17,"98","86.217447599168","37.0811816727195","98"
"C5P",17,"99","75.0911693065984","41.0772804152071","99"
"C5P",17,"100","67.2967244786746","45.6171229491746","100"
"C5P",17,"101","63.9704994183352","36.9263371866371","101"
"C5P",17,"102","72.5991441884609","33.3331693633742","102"
"C5P",17,"103","88.1891769849525","21.28755194811","103"
"C5P",17,"104","89.305476475497","6.22253355907667","104"
"C5P",17,"105","79.2176460130702","3.44727291716232","105"
"C5P",17,"106","73.8545750292818","2.16235539266312","106"
"C5P",17,"107","62.6403290368536","3.99693703651031","107"
"C5P",17,"108","8.45386865123654","68.0757791068462","108"
"C5P",17,"109","2.63881596239742","69.0831934253693","109"
"C5P",17,"110","22.0963027702967","66.260536477571","110"
"C5P",17,"111","14.1560485469849","90.0005895507964","111"
"C5P",17,"112","31.0498076936851","93.0984542848858","112"
"C5P",17,"113","71.6000726569463","90.8579102809928","113"
"C5P",17,"114","0.56433902600342","25.4710717776534","114"
"C5P",17,"115","20.0061280205488","96.8492116641605","115"
"C5P",17,"116","78.4362774075937","95.4494927450327","116"
"C5P",17,"117","0.01244269643815","39.0876770613633","117"
"C5P",17,"123","56.8362144454433","95.7556625678499","123"
"C5P",17,"124","57.2691141993921","24.9408624328785","124"
"C5P",17,"125","6.201171875","9.11865234375","125"
"C5P",17,"126","79.16259765625","11.358642578125","126"
"C5P",17,"127","9.1400146484375","12.4298095703125","127"
"C5P",17,"128","94.95849609375","12.921142578125","128"
"C5P",17,"129","11.90185546875","14.8193359375","129"
"C5P",17,"130","38.861083984375","16.85791015625","130"
"C5P",17,"131","40.41748046875","17.218017578125","131"
"C5P",17,"132","8.6181640625","21.77734375","132"
"C5P",17,"133","75.3173828125","32.098388671875","133"
"C5P",17,"134","2.337646484375","33.3984375","134"
"C5P",17,"135","41.058349609375","34.4879150390625","135"
"C5P",17,"136","84.3994140625","36.68212890625","136"
"C5P",17,"137","61.77978515625","40.8203125","137"
"C5P",17,"138","35.638427734375","43.0419921875","138"
"C5P",17,"139","60.9619140625","44.23828125","139"
"C5P",17,"140","81.500244140625","45.880126953125","140"
"C5P",17,"141","92.10205078125","49.8199462890625","141"
"C5P",17,"142","43.1396484375","51.422119140625","142"
"C5P",17,"143","75.78125","57.080078125","143"
"C5P",17,"144","71.380615234375","58.89892578125","144"
"C5P",17,"145","46.78955078125","68.98193359375","145"
"C5P",17,"146","57.45849609375","80.48095703125","146"
"C5P",17,"147","32.757568359375","87.762451171875","147"
"D1P",17,"41","3.97325867205393","50.1361954505625","41"
"D1P",17,"55","95.9581481754006","61.1672736383009","55"
"D1P",17,"56","0.78433794860561","62.5630028411167","56"
"D1P",17,"57","71.2062605618076","64.6459270810234","57"
"D1P",17,"58","64.5384682065044","57.7879691186747","58"
"D5P",17,"0","1.21228106027786","91.2493958426992","0"
"D5P",17,"1","3.1712492216635","87.4399374034031","1"
"D5P",17,"2","4.89762980070402","88.096452678706","2"
"D5P",17,"3","11.1528360485089","85.6151922385984","3"
"D5P",17,"4","6.85456654615708","83.444139088227","4"
"D5P",17,"5","20.1918643830594","86.5311636784613","5"
"D5P",17,"6","24.6312701850342","96.4148684611079","6"
"D5P",17,"7","29.0820814266801","98.9177948700675","7"
"D5P",17,"8","35.04237948573","96.6470856803267","8"
"D5P",17,"9","48.2441172986285","96.1725905045373","9"
"D5P",17,"10","48.8618639895637","91.1836652706264","10"
"D5P",17,"11","42.4679369852826","86.5132269010348","11"
"D5P",17,"12","39.0438352037294","85.665014313564","12"
"D5P",17,"13","35.2930574876765","87.9719167027073","13"
"D5P",17,"14","71.0408618005885","97.0907965102406","14"
"D5P",17,"15","72.3307518302901","99.4347706437067","15"
"D5P",17,"16","75.699907394804","98.6862397500336","16"
"D5P",17,"17","65.3072074772796","94.3837317258079","17"
"D5P",17,"18","58.2986693975924","91.2270724209401","18"
"D5P",17,"19","78.7543967890711","93.9921939998923","19"
"D5P",17,"20","82.0081989379067","94.7036447362497","20"
"D5P",17,"21","97.019814002331","96.153329274397","21"
"D5P",17,"22","90.1307649363678","91.0837463329005","22"
"D5P",17,"23","94.4256121033141","89.8011309468994","23"
"D5P",17,"24","98.7485209956755","88.725506213473","24"
"D5P",17,"25","87.5717982985734","84.5708788546933","25"
"D5P",17,"26","96.1739682771244","81.1300266344076","26"
"D5P",17,"27","93.989516870787","75.8361199607976","27"
"D5P",17,"28","86.6430868203579","75.7359694805112","28"
"D5P",17,"29","93.2894509781848","72.4536318646182","29"
"D5P",17,"30","97.3786424083661","74.2084607815317","30"
"D5P",17,"31","89.4855285502158","70.1871427336667","31"
"D5P",17,"32","96.5319190834303","69.6397101708506","32"
"D5P",17,"33","99.5794806240783","71.9310390595199","33"
"D5P",17,"34","98.2260673597479","64.5223782304605","34"
"D5P",17,"35","98.474979963584","61.2859540782039","35"
"D5P",17,"36","94.2556079205343","60.1790092817026","36"
"D5P",17,"37","90.4218874804645","59.9904988722714","37"
"D5P",17,"38","98.4684079040489","57.6789772918296","38"
"D5P",17,"39","93.5122730914737","53.8281686912271","39"
"D5P",17,"40","85.8352558408556","50.8053677114983","40"
"D5P",17,"41","84.0353802372234","53.3874847506851","41"
"D5P",17,"42","81.6485765270953","65.1977108700498","42"
"D5P",17,"43","84.9083171452068","65.7045783326075","43"
"D5P",17,"44","82.9956853178126","67.5217407611471","44"
"D5P",17,"45","74.9048563690932","81.250151711473","45"
"D5P",17,"46","68.4363245356843","83.792805899581","46"
"D5P",17,"47","65.5124788922055","85.0158116587789","47"
"D5P",17,"48","55.0972674724665","84.804359402017","48"
"D5P",17,"49","51.121392692068","82.840816117267","49"
"D5P",17,"50","56.7142779782709","79.3293562383951","50"
"D5P",17,"51","59.8599356475909","74.0181018671328","51"
"D5P",17,"52","63.5013643787519","77.1153496662694","52"
"D5P",17,"53","50.9664619875972","72.9446856564046","53"
"D5P",17,"54","71.3974649683707","72.2625559889121","54"
"D5P",17,"55","72.9581274111278","70.0168344973725","55"
"D5P",17,"56","68.05698620476","69.1012235079352","56"
"D5P",17,"57","65.0815055244627","68.5591788087921","57"
"D5P",17,"58","71.0251708353988","65.4822626854582","58"
"D5P",17,"59","75.5411937651693","65.5191393613596","59"
"D5P",17,"60","78.6514579372864","59.8238477603477","60"
"D5P",17,"61","70.9615821230114","58.732889745667","61"
"D5P",17,"62","69.1145562227861","58.0511788091038","62"
"D5P",17,"63","67.2264777348767","56.1248052317268","63"
"D5P",17,"64","64.5294014513386","57.3011132079207","64"
"D5P",17,"65","62.2363742692395","62.9011261154235","65"
"D5P",17,"66","57.833218642764","61.6856955610938","66"
"D5P",17,"67","53.4834435956061","67.1899324726534","67"
"D5P",17,"68","53.5650782455267","59.5098479213513","68"
"D5P",17,"69","56.4886224550036","54.9475446729357","69"
"D5P",17,"70","44.8647127250212","63.7304160167731","70"
"D5P",17,"71","43.9491591397305","59.6653031614297","71"
"D5P",17,"72","42.3213293427188","81.1710315516534","72"
"D5P",17,"73","37.5353161002569","80.0816292622819","73"
"D5P",17,"74","33.5951640282704","80.196135483927","74"
"D5P",17,"75","32.0554901789857","75.0028631407854","75"
"D5P",17,"76","31.5492695895909","69.2596840956499","76"
"D5P",17,"77","30.322917300638","63.9732942589448","77"
"D5P",17,"78","25.1370241415611","68.5989260550339","78"
"D5P",17,"79","36.2078244415087","62.7546285158578","79"
"D5P",17,"80","21.6334106502274","68.4749063095882","80"
"D5P",17,"81","19.7223155899665","67.1194598299962","81"
"D5P",17,"82","22.9497587596507","63.6710166399931","82"
"D5P",17,"83","19.516016389853","63.3050282583844","83"
"D5P",17,"84","1.40030990727902","40.8138972848977","84"
"D5P",17,"85","20.0272180104151","34.9237118863769","85"
"D5P",17,"86","28.5016589345861","44.151815751117","86"
"D5P",17,"87","35.2921058856456","38.2968938921973","87"
"D5P",17,"88","41.51214254234","40.8977286140447","88"
"D5P",17,"89","39.5767621321163","36.7454818262893","89"
"D5P",17,"90","47.1364336414493","34.6093312233465","90"
"D5P",17,"91","26.9267083472468","34.935265980189","91"
"D5P",17,"92","26.9683013179768","31.7331951698939","92"
"D5P",17,"93","29.5543784903301","33.0786196628622","93"
"D5P",17,"94","32.0061570569759","34.9781909278748","94"
"D5P",17,"95","32.3271856972393","33.5450342694715","95"
"D5P",17,"96","3.39365207816996","25.5084280785516","96"
"D5P",17,"97","2.66939754597169","19.9122995106302","97"
"D5P",17,"98","5.43868872877588","21.9100222960795","98"
"D5P",17,"99","9.43407376854082","18.5775642696583","99"
"D5P",17,"100","12.0697045230145","25.0723719398264","100"
"D5P",17,"101","17.7225680157922","27.0648784400201","101"
"D5P",17,"102","7.43007512509177","14.831750998867","102"
"D5P",17,"103","5.5369387953791","12.2805226943205","103"
"D5P",17,"104","3.86874482366907","7.17393847840137","104"
"D5P",17,"105","7.88603702178562","8.51401004553102","105"
"D5P",17,"106","3.09250603967346","2.03015246762039","106"
"D5P",17,"107","12.5570073592122","6.32368407032679","107"
"D5P",17,"108","16.1551392234877","5.96871741500741","108"
"D5P",17,"109","19.8685576216454","1.39758944250658","109"
"D5P",17,"110","13.6938872220246","14.3509735614599","110"
"D5P",17,"111","17.432432471935","13.532481300321","111"
"D5P",17,"112","17.9957058286316","17.4963661853855","112"
"D5P",17,"113","20.8130347779225","15.7613985589099","113"
"D5P",17,"114","25.4960644420234","17.4888057785334","114"
"D5P",17,"115","29.9277973321799","16.2659025286859","115"
"D5P",17,"116","32.8874831950719","16.867105246651","116"
"D5P",17,"117","26.1942149896858","5.33517062528927","117"
"D5P",17,"118","27.3238998169975","2.19939734079179","118"
"D5P",17,"119","35.7060293663196","2.63891260831416","119"
"D5P",17,"120","33.3949396859275","8.35930231822589","120"
"D5P",17,"121","34.2713869926948","24.772512148831","121"
"D5P",17,"122","40.4462288820133","24.6281645636642","122"
"D5P",17,"123","47.165554305547","29.6362907778251","123"
"D5P",17,"124","38.4541059449444","19.9737384677786","124"
"D5P",17,"125","38.8383046103767","17.7294825502715","125"
"D5P",17,"126","38.9559212482575","15.282047651614","126"
"D5P",17,"127","43.5542882151125","16.7689560481007","127"
"D5P",17,"128","44.2254376175053","11.7391104939609","128"
"D5P",17,"129","46.2980115966145","3.02934008736732","129"
"D5P",17,"130","45.1994147865904","22.8635298928715","130"
"D5P",17,"131","48.5916897453253","20.7946156183386","131"
"D5P",17,"132","49.4918999575369","17.4953253910834","132"
"D5P",17,"133","52.7576211095992","15.7373343954332","133"
"D5P",17,"134","56.8306206944155","12.3428686827039","134"
"D5P",17,"135","62.0291608240244","13.8043686280506","135"
"D5P",17,"136","62.5280307885936","17.0688176468405","136"
"D5P",17,"137","57.2101840166886","19.2191403390009","137"
"D5P",17,"138","60.17165582031","20.1595640604441","138"
"D5P",17,"139","52.2263894397752","26.7553393268827","139"
"D5P",17,"140","56.6532248978602","25.7325599930129","140"
"D5P",17,"141","65.4846845821024","7.07732775284109","141"
"D5P",17,"142","54.8656134314997","33.6307555140659","142"
"D5P",17,"143","56.8391717663953","32.6700636143724","143"
"D5P",17,"144","61.1117006409746","33.7596169192571","144"
"D5P",17,"145","61.3468114664162","26.3784290944646","145"
"D5P",17,"146","61.8744545343638","23.7361586757627","146"
"D5P",17,"147","63.4101620684794","25.3037040036979","147"
"D5P",17,"148","68.0098736488744","29.6306409142373","148"
"D5P",17,"149","69.8669673199056","16.6680293615363","149"
"D5P",17,"150","73.5603250448926","14.8177306858756","150"
"D5P",17,"151","75.9028278490286","12.3830456453847","151"
"D5P",17,"152","78.8960762548216","8.86351812406259","152"
"D5P",17,"153","75.4410881095605","4.01655603706949","153"
"D5P",17,"154","81.2477147840489","6.38896183528735","154"
"D5P",17,"155","77.7384587792466","0.65328527612622","155"
"D5P",17,"156","89.5748392014258","0.74846218591725","156"
"D5P",17,"157","94.2638329975769","1.49896737136269","157"
"D5P",17,"158","87.8968791776381","5.41536545437329","158"
"D5P",17,"159","95.9908443394315","7.21447304282456","159"
"D5P",17,"160","86.8948151351101","9.98887046773392","160"
"D5P",17,"161","75.788398230156","24.6682282381415","161"
"D5P",17,"162","90.2285851486032","15.0021321948707","162"
"D5P",17,"163","95.2257871652015","16.9152284040867","163"
"D5P",17,"164","99.1602163722176","20.7523908651394","164"
"D5P",17,"165","93.5937152663054","23.1659021504817","165"
"D5P",17,"166","83.1355688476361","18.7295915802657","166"
"D5P",17,"167","57.7473074085915","3.7661031103287","167"
"D5P",17,"168","87.7117308681097","30.2345504966494","168"
"D5P",17,"169","74.2549515543248","31.9314538193623","169"
"D5P",17,"170","15.3994145611716","64.7256434065015","170"
"D5P",17,"171","24.1066564886775","75.4253072439295","171"
"D5P",17,"172","28.2940928092096","10.179074041351","172"
"D5P",17,"173","18.3208637131788","79.5652034421289","173"
"D5P",17,"174","14.9382587949525","75.1615108086935","174"
"D5P",17,"175","19.0900726986901","74.915623381016","175"
"D5P",17,"176","10.0009439451352","76.3049616862475","176"
"D5P",17,"177","9.34425239977326","73.1772367991184","177"
"D5P",17,"178","0.45093668262662","78.5349440117783","178"
"D5P",17,"179","0.56678096374772","71.3837408874364","179"
"D5P",17,"180","3.36596610428482","69.5872326850805","180"
"D5P",17,"181","0.66617454522352","64.8994205501444","181"
"D5P",17,"182","6.23387398252603","62.6926418098412","182"
"D5P",17,"183","12.1288213366873","59.9859066709093","183"
"D5P",17,"184","17.1395656062865","60.2298092294841","184"
"D5P",17,"185","20.9246792045183","55.8914691910073","185"
"D5P",17,"186","38.0908056860518","59.2209518983693","186"
"D5P",17,"187","1.57311010292855","51.4769618891163","187"
"D5P",17,"188","2.11709719932547","47.9375219296495","188"
"D5P",17,"189","0.89699907518478","44.6375317224064","189"
"D5P",17,"190","6.5350496870549","44.4376859153094","190"
"D5P",17,"191","8.88527314704839","49.2245791156675","191"
"D5P",17,"192","8.71858124520491","51.3227854030805","192"
"D5P",17,"193","14.6191466858448","50.9326625360506","193"
"D5P",17,"194","18.5004051670045","50.1056714319971","194"
"D5P",17,"195","22.6037176352884","49.721900801407","195"
"D5P",17,"196","19.2222395915864","46.6356449212028","196"
"D5P",17,"197","17.5002270977051","45.4696068365198","197"
"D5P",17,"198","23.0556335748058","46.0499212953918","198"
"D5P",17,"199","25.5442984133408","51.1966203973618","199"
"D5P",17,"200","38.5753270296662","52.7685085298258","200"
"D5P",17,"201","44.9460779367391","54.8644750015463","201"
"D5P",17,"202","34.4815396842176","49.5438315077074","202"
"D5P",17,"203","39.5531209515543","49.7887754338499","203"
"D5P",17,"204","44.189418528404","50.0248192248605","204"
"D5P",17,"205","44.4054560147419","47.4640797979238","205"
"D5P",17,"206","51.0983730265094","50.731481642798","206"
"D5P",17,"207","57.2335155204037","49.9779654944119","207"
"D5P",17,"208","61.1766814900575","46.9827214917179","208"
"D5P",17,"209","55.2288107944557","41.8678864623583","209"
"D5P",17,"210","61.1760225257258","43.7064089630428","210"
"D5P",17,"211","71.3709159517742","43.8790153171324","211"
"D5P",17,"212","2.85093720881323","36.6363715406982","212"
"D5P",17,"213","6.05951801546338","40.4359949699578","213"
"D5P",17,"214","10.7325828677254","41.1690888035376","214"
"D5P",17,"215","17.4928486342812","42.8024587534344","215"
"D5P",17,"216","12.4906063424695","37.8480563242791","216"
"D5P",17,"217","7.05870996758337","33.6479328185579","217"
"D5P",17,"218","14.3764278927677","33.7796515449239","218"
"D5P",17,"219","13.1087017065592","30.2736098496029","219"
"D5P",17,"220","81.0990223655418","31.565632735034","220"
"D5P",17,"221","74.2588937419485","39.5285428874098","221"
"D5P",17,"222","74.7954333187234","43.1747993374474","222"
"D5P",17,"223","77.9334112331036","41.0981568635525","223"
"D5P",17,"224","84.2024362359366","40.8672623984692","224"
"D5P",17,"225","91.8483368255085","45.5259253797245","225"
"D5P",17,"226","97.0538664298733","48.1221274923002","226"
"D5P",17,"227","95.9823650568319","44.1689501241355","227"
"D5P",17,"228","97.3648825508203","40.2422778231035","228"
"D5P",17,"229","94.0573151142167","36.6443420449533","229"
"D5P",17,"230","97.6388189600088","32.6050956660181","230"
"D5P",17,"231","42.7001953125","7.220458984375","231"
"D5P",17,"232","11.56005859375","19.659423828125","232"
"D5P",17,"233","90.020751953125","34.55810546875","233"
"D5P",17,"234","76.6998291015625","49.658203125","234"
"D5P",17,"235","58.3282470703125","57.318115234375","235"
"D5P",17,"236","39.0625","69.51904296875","236"
"D5P",17,"237","45.39794921875","71.6796875","237"
"D5P",17,"238","97.27783203125","72.418212890625","238"
"D5P",17,"239","82.92236328125","75.78125","239"
"D5P",17,"240","90.19775390625","76.080322265625","240"
"D5P",17,"241","31.378173828125","84.698486328125","241"
"D5P",17,"242","80.35888671875","85.1806640625","242"
"D5P",17,"243","85.02197265625","86.12060546875","243"
"D5P",17,"244","30.04150390625","90.00244140625","244"
"E1P",26,"3","85.3045163886728","7.96082885212847","3"
"FH10",22,"0","5.75963139329896","89.9324356321051","0"
"FH10",22,"1","8.58797889698299","87.6015475140663","1"
"FH10",22,"2","12.5663620703919","93.5284518984358","2"
"FH10",22,"3","17.5596725745426","89.8666726457388","3"
"FH10",22,"4","0.53966570089084","80.7035607473297","4"
"FH10",22,"5","3.70117519323881","76.6948983691127","5"
"FH10",22,"6","18.2169506092809","78.5861288344185","6"
"FH10",22,"7","13.9302155646046","76.2989070193145","7"
"FH10",22,"8","13.3424924094053","70.3825709452043","8"
"FH10",22,"9","4.73577029358351","67.6057179884804","9"
"FH10",22,"10","5.03160411156229","58.5398728552834","10"
"FH10",22,"11","12.4589495253276","61.7372450348271","11"
"FH10",22,"12","17.7688092923252","62.4935227793379","12"
"FH10",22,"13","20.9218741565035","66.6591935933301","13"
"FH10",22,"14","13.4287346314232","56.4989045917492","14"
"FH10",22,"15","5.53797107066489","42.8280691357492","15"
"FH10",22,"16","5.74157358561119","29.5800938550059","16"
"FH10",22,"17","9.96512286891023","0.08190591802462","17"
"FH10",22,"18","18.3991264450356","15.164202783701","18"
"FH10",22,"19","24.8184139922153","19.5530965402496","19"
"FH10",22,"20","22.400258845602","33.9161587128326","20"
"FH10",22,"21","25.3846569924543","47.7279992142738","21"
"FH10",22,"22","37.0559231405002","61.6234381074376","22"
"FH10",22,"23","41.0546320706446","66.5912143411053","23"
"FH10",22,"24","56.9886085150459","54.4366233383888","24"
"FH10",22,"25","44.0774393221844","39.6116398458747","25"
"FH10",22,"26","42.7776793010516","33.2111974331917","26"
"FH10",22,"27","35.4208143836621","24.1479595006596","27"
"FH10",22,"28","43.0696081810478","24.0046456826371","28"
"FH10",22,"29","34.5479211724795","18.7020318552846","29"
"FH10",22,"30","38.7583653483391","5.98528610345371","30"
"FH10",22,"31","51.883460887738","12.2107604291288","31"
"FH10",22,"32","62.0488442850125","10.0434914394414","32"
"FH10",22,"33","63.2548748026291","8.27750116182189","33"
"FH10",22,"34","68.9422675720921","13.919257060632","34"
"FH10",22,"35","64.6592151375177","15.6597475431333","35"
"FH10",22,"36","66.8740948501039","19.348391209092","36"
"FH10",22,"37","63.3316164573393","23.7423120316948","37"
"FH10",22,"38","76.6707047230804","27.9834742003075","38"
"FH10",22,"39","75.8606589247946","10.9747017651552","39"
"FH10",22,"40","95.0048730911618","1.40242977259784","40"
"FH10",22,"41","86.3836132456993","7.11600221707614","41"
"FH10",22,"42","95.5777393611703","12.3143042359515","42"
"FH10",22,"43","97.4972029439607","14.3452052924478","43"
"FH10",22,"44","93.2132591350854","17.1497714700519","44"
"FH10",22,"45","10.3516437762299","34.0563071249811","45"
"FH10",22,"95","77.5793379343657","91.2398952346777","95"
"FH10",22,"96","78.0278457439747","84.9547346385431","96"
"FH10",22,"97","82.4483132704708","89.4890518865067","97"
"FH10",22,"98","82.1961712634069","87.8789934758193","98"
"FH10",22,"99","85.2068768572228","88.1911887607791","99"
"FH10",22,"100","83.4705664793146","92.5317951160569","100"
"FH10",22,"101","87.8402238722311","94.3967648341257","101"
"FH10",22,"102","91.3372711897788","91.9123156007118","102"
"FH10",22,"103","88.9755823100536","84.510146287645","103"
"FH10",22,"104","88.2452764433689","82.8373883761836","104"
"FH10",22,"105","93.9931902995036","82.3965955162355","105"
"FH10",22,"116","70.3233841321794","41.3392982459406","116"
"FH10",22,"117","74.3224018549081","47.4546649622397","117"
"FH10",22,"120","58.380126953125","84.1796875","120"
"FH10",22,"121","43.26171875","84.881591796875","121"
"FH10",22,"122","58.477783203125","95.6787109375","122"
"FH10",22,"123","54.962158203125","96.0601806640625","123"
"FH11",22,"0","1.18944103029183","97.5947595842871","0"
"FH11",22,"1","0.03607629113495","92.1076822533543","1"
"FH11",22,"3","0.35365441329356","82.4938799044164","3"
"FH11",22,"4","4.05800122359273","78.3797211545864","4"
"FH11",22,"5","9.52127714225635","79.1492609226566","5"
"FH11",22,"6","14.2942089205484","81.9651292380229","6"
"FH11",22,"7","6.37672950163181","71.5732271813575","7"
"FH11",22,"8","12.3217605901708","69.2919951395247","8"
"FH11",22,"9","25.576612542997","92.4219831838149","9"
"FH11",22,"10","21.2375318934157","72.0048708650753","10"
"FH11",22,"160","55.1200351743801","86.3034671910068","160"
"FH14",23,"0","2.64167944652853","98.4370537600624","0"
"FH14",23,"1","9.85317330475879","95.0556320552388","1"
"FH14",23,"2","17.5709720978006","96.4301443231037","2"
"FH14",23,"3","16.0884592713159","92.6993778693794","3"
"FH14",23,"4","18.5741218673509","90.6818718814056","4"
"FH14",23,"5","23.848532673052","91.9651033842884","5"
"FH14",23,"6","27.5130299363443","89.0728536583099","6"
"FH14",23,"7","23.7583225603279","86.6946856917067","7"
"FH14",23,"8","2.58960394402702","86.7108453271891","8"
"FH14",23,"9","6.14126016772934","82.6829372819961","9"
"FH14",23,"10","5.31246025987229","80.3727406476816","10"
"FH14",23,"11","13.2954271379804","80.439952263013","11"
"FH14",23,"12","16.7428189014446","81.7228688797565","12"
"FH14",23,"13","21.1382514483281","82.3677091626012","13"
"FH14",23,"14","23.5228733345699","80.1210442981732","14"
"FH14",23,"15","10.1156222943141","69.6117096431768","15"
"FH14",23,"16","13.1735119143806","70.7085476932762","16"
"FH14",23,"17","1.34803955129813","68.4258829907847","17"
"FH14",23,"18","15.6684897982352","68.5159423034848","18"
"FH14",23,"19","22.8906355419629","66.1287677799138","19"
"FH14",23,"20","25.3743910729153","63.9550856808045","20"
"FH14",23,"21","29.3936097309509","77.0268080033515","21"
"FH14",23,"22","31.6025052131209","76.1919598891263","22"
"FH14",23,"23","2.28474438468676","60.5918179260675","23"
"FH14",23,"24","3.72477593819189","55.6271213482898","24"
"FH14",23,"25","11.1847267923772","54.3374407457731","25"
"FH14",23,"26","16.0076278196894","56.4700787353149","26"
"FH14",23,"27","19.9029687351503","57.9358049133379","27"
"FH14",23,"28","27.5323069982911","56.3657202353516","28"
"FH14",23,"29","31.4370714299979","52.2033883040205","29"
"FH14",23,"30","24.0086666780604","53.9311416999128","30"
"FH14",23,"31","19.1860399664343","51.9561267434943","31"
"FH14",23,"32","38.6189767275072","51.1641309883892","32"
"FH14",23,"33","19.7199364106355","41.4959659314996","33"
"FH14",23,"34","23.5750993931641","40.2305434021543","34"
"FH14",23,"35","9.95623727978037","38.1601998662676","35"
"FH14",23,"36","15.3784724320749","36.4013378390936","36"
"FH14",23,"37","18.0910258630413","34.9258534771815","37"
"FH14",23,"38","14.999176554684","32.4211470912319","38"
"FH14",23,"39","2.69425894259596","33.0158814090774","39"
"FH14",23,"40","9.82140177479956","25.8786703355918","40"
"FH14",23,"41","26.0660294578345","31.1681780603728","41"
"FH14",23,"42","34.7329072011445","31.7053183223864","42"
"FH14",23,"43","40.6340847575812","8.29725221059848","43"
"FH14",23,"44","46.421440170166","22.1293074989539","44"
"FH14",23,"45","56.3989944617441","18.4476749814935","45"
"FH14",23,"46","69.7192773360917","19.512362366007","46"
"FH14",23,"47","54.2038274951477","36.7700857348355","47"
"FH14",23,"48","71.6164192116851","65.4569860500731","48"
"FH14",23,"49","40.9627743860579","94.7020101218615","49"
"FH14",23,"50","41.2915303117551","90.9560309569453","50"
"FH14",23,"51","45.6124177808397","84.4909922156517","51"
"FH14",23,"52","43.9760769596823","82.0423833811093","52"
"FH14",23,"53","45.8467488493796","78.4402775385581","53"
"FH14",23,"54","43.1537506526459","74.4229232303932","54"
"FH14",23,"55","49.9094724886788","75.6075360571261","55"
"FH14",23,"56","49.9543386720386","72.3673844010235","56"
"FH14",23,"57","54.5607720728587","73.3624280553946","57"
"FH14",23,"58","50.7178929283625","67.4744924306246","58"
"FH14",23,"59","56.7334325655164","69.0397305568573","59"
"FH14",23,"60","55.4875260558267","87.595819171722","60"
"FH14",23,"61","61.2478373493315","90.147628748412","61"
"FH14",23,"62","63.3618656593398","94.6530846842136","62"
"FH14",23,"107","14.4341884181064","65.4656615743357","107"
"FH14",23,"112","36.102294921875","22.6806640625","112"
"FH14",23,"113","40.301513671875","22.857666015625","113"
"FH14",23,"114","44.219970703125","25.1800537109375","114"
"FH14",23,"115","41.497802734375","26.397705078125","115"
"FH14",23,"116","33.660888671875","27.880859375","116"
"FH14",23,"117","48.858642578125","30.419921875","117"
"FH14",23,"118","47.039794921875","30.6396484375","118"
"FH14",23,"119","23.4375","30.92041015625","119"
"FH14",23,"120","20.73974609375","31.73828125","120"
"FH14",23,"121","20.3399658203125","36.6119384765625","121"
"FH14",23,"122","4.278564453125","41.741943359375","122"
"FH14",23,"123","16.41845703125","42.681884765625","123"
"FH14",23,"124","27.642822265625","47.49755859375","124"
"FH14",23,"125","29.57763671875","47.998046875","125"
"FH14",23,"126","13.5009765625","48.27880859375","126"
"FH14",23,"127","24.6002197265625","50.042724609375","127"
"FH14",23,"128","27.03857421875","50.140380859375","128"
"FH14",23,"129","7.421875","51.922607421875","129"
"FH14",23,"130","26.9775390625","51.922607421875","130"
"FH14",23,"131","58.258056640625","56.561279296875","131"
"FH14",23,"132","29.742431640625","58.099365234375","132"
"FH14",23,"133","6.04248046875","60.137939453125","133"
"FH14",23,"134","55.76171875","60.760498046875","134"
"FH14",23,"135","16.0400390625","61.7401123046875","135"
"FH14",23,"136","15.31982421875","62.640380859375","136"
"FH14",23,"137","16.69921875","63.140869140625","137"
"FH14",23,"138","38.861083984375","64.019775390625","138"
"FH14",23,"139","38.201904296875","69.439697265625","139"
"FH14",23,"140","39.617919921875","71.08154296875","140"
"FH14",23,"141","45.819091796875","71.4202880859375","141"
"FH14",23,"142","37.579345703125","73.3001708984375","142"
"FH14",23,"143","40.179443359375","80.1025390625","143"
"FH14",23,"144","37.738037109375","82.01904296875","144"
"FH14",23,"145","35.760498046875","86.4990234375","145"
"FH14",23,"146","53.9398193359375","89.8193359375","146"
"FH14",23,"147","33.880615234375","92.138671875","147"
"FH14",23,"148","30.902099609375","93.4600830078125","148"
"FH14",23,"149","30.340576171875","97.0001220703125","149"
"FH14",23,"150","41.717529296875","97.442626953125","150"
"FH6",22,"94","70.1720330708653","97.8920275641371","94"
"FH6",22,"95","63.3512211640361","91.8275552584752","95"
"FH6",22,"96","68.7534650102062","82.0311988765391","96"
"FH6",22,"97","58.0578381451627","83.5183881773623","97"
"FH6",22,"98","62.2559749362775","76.6493267192579","98"
"FH6",22,"99","56.9925759553788","75.725602321127","99"
"FH6",22,"100","69.2389843144835","75.8656027422307","100"
"FH6",22,"101","64.5155674131479","67.0029711701807","101"
"FH6",22,"102","64.7397572869181","71.6230844665123","102"
"FH6",22,"103","62.3690109463596","70.4945101077859","103"
"FH6",22,"104","67.5677415196774","55.2557144684198","104"
"FH6",22,"105","75.5002790366926","48.0198162686155","105"
"FH6",22,"106","98.5253859293176","87.9967034794399","106"
"FH6",22,"107","83.3973757399926","84.3211351776985","107"
"FH6",22,"108","82.350798256884","83.1005113034972","108"
"FH6",22,"109","87.1111732158868","82.9600688371756","109"
"FH6",22,"110","86.2640169570845","80.9431970491241","110"
"FH6",22,"111","81.2642916431979","81.1322810435164","111"
"FH6",22,"112","83.7332424756497","77.5937983824691","112"
"FH6",22,"113","83.4078025233354","73.4276514454789","113"
"FH6",22,"115","93.9651519795981","71.2320378680494","115"
"FH6",22,"117","84.7338171966277","67.1352178534289","117"
"FH6",22,"118","80.3455557558322","66.6685393800937","118"
"FH6",22,"119","76.8610311807695","66.5932666139486","119"
"FH6",22,"120","79.6219602418672","61.398534708343","120"
"FH6",22,"121","74.1995576604967","64.0673222231605","121"
"FH6",22,"122","73.4168480461759","61.6204498971015","122"
"FH6",22,"123","82.4470004261009","59.5976686998641","123"
"FH6",22,"124","84.395165957984","53.3817369411714","124"
"FH6",22,"125","89.2075288694271","54.7441776130808","125"
"FH6",22,"126","83.4801863520079","47.1683799520209","126"
"FH6",22,"127","86.5041909331528","43.2439982229284","127"
"FH6",22,"128","82.3099672614132","41.9740523891319","128"
"FH6",22,"136","75.6224555700604","51.459333950984","136"
"FH6",22,"137","75.7598876953125","59.8602294921875","137"
"FH6",22,"138","60.1806640625","70.6787109375","138"
"FH8",22,"0","0.64565068333676","98.9591977907804","0"
"FH8",22,"1","2.64825828287443","97.3936010139549","1"
"FH8",22,"2","0.25873414084971","96.5874122974924","2"
"FH8",22,"3","8.46746727492095","66.0377713372761","3"
"FH8",22,"4","4.9846739691051","68.8865070351167","4"
"FH8",22,"5","1.54584282658705","75.7698580767112","5"
"FH8",22,"6","15.4038100456813","67.5481760778363","6"
"FH8",22,"7","16.610829885701","66.3940999697516","7"
"FH8",22,"8","27.691443020214","83.6855791993788","8"
"FH8",22,"9","24.7930507855656","81.2526729913666","9"
"FH8",22,"10","20.3199821810796","78.8505438107811","10"
"FH8",22,"11","21.6581340550988","78.0973574896313","11"
"FH8",22,"12","21.9547579812754","76.14639352104","12"
"FH8",22,"13","25.5205533093263","78.5579678977437","13"
"FH8",22,"14","27.5513308166437","79.280912616419","14"
"FH8",22,"15","26.7673336732551","81.1721865938556","15"
"FH8",22,"16","34.7639624716396","94.5282625470627","16"
"FH8",22,"17","38.452847802469","87.9868959011551","17"
"FH8",22,"18","37.8395255661325","86.3268259549381","18"
"FH8",22,"19","41.2173975673933","84.1951193211443","19"
"FH8",22,"20","41.8000808321492","85.9164807796505","20"
"FH8",22,"21","10.6399775709675","88.8566278246634","21"
"FH8",22,"22","51.9699767588908","95.166440872731","22"
"FH8",22,"23","58.4152196494951","93.0488991924503","23"
"FH8",22,"24","61.7394712442752","86.8861986822923","24"
"FH8",22,"25","23.4286650243291","68.1727813230514","25"
"FH8",22,"26","30.4391346698628","69.1222589174931","26"
"FH8",22,"27","33.5169717801376","62.8223266395888","27"
"FH8",22,"28","29.1752677277414","63.7254679456603","28"
"FH8",22,"29","37.7968183980446","67.3351299836586","29"
"FH8",22,"30","29.1510440215803","55.3751403920645","30"
"FH8",22,"31","39.1065777033403","74.7947895734256","31"
"FH8",22,"32","43.7918326483135","57.8156004415303","32"
"FH8",22,"33","41.2602329801986","71.4195908446593","33"
"FH8",22,"34","36.6929485616965","80.158234090022","34"
"FH8",22,"35","47.3431757098886","76.6691513952396","35"
"FH8",22,"36","48.3995172689458","52.016621814358","36"
"FH8",22,"37","58.5586201445674","51.2256213049694","37"
"FH8",22,"38","59.6117602206148","56.9815819464509","38"
"FH8",22,"39","72.6042342898527","56.2245768277611","39"
"FH8",22,"40","36.7743763824829","45.2850319311886","40"
"FH8",22,"41","34.978805330772","49.6611338337396","41"
"FH8",22,"42","33.9270216875646","38.7512199612708","42"
"FH8",22,"43","44.2740323428622","33.733955811491","43"
"FH8",22,"44","19.6425362580231","45.9797832891535","44"
"FH8",22,"45","26.8664834417858","44.6800727699653","45"
"FH8",22,"46","23.6666926725651","38.3928475427448","46"
"FH8",22,"47","13.2255401831483","39.6861216488508","47"
"FH8",22,"48","14.5027712708927","35.2010704682095","48"
"FH8",22,"49","11.642130012921","31.5941322431116","49"
"FH8",22,"50","3.23243901293149","30.6881989437965","50"
"FH8",22,"51","6.75735177147499","37.2301155363514","51"
"FH8",22,"52","2.83472923175088","38.1307651547243","52"
"FH8",22,"53","6.99450680044018","42.858867898408","53"
"FH8",22,"54","19.8235323140126","1.76621145225281","54"
"FH8",22,"55","23.7027700749194","2.90907290779775","55"
"FH8",22,"56","22.8385270282474","5.6387613051924","56"
"FH8",22,"57","19.753820896573","9.5814239705561","57"
"FH8",22,"58","15.7008304829024","11.2645938631953","58"
"FH8",22,"59","13.8392232966103","6.03031110775434","59"
"FH8",22,"60","17.9808081815401","12.7105442911349","60"
"FH8",22,"61","10.7226079049589","15.7713851432378","61"
"FH8",22,"62","5.77538983703658","14.8239786600918","62"
"FH8",22,"63","8.77193068624748","14.1014506344973","63"
"FH8",22,"64","7.36989161389321","8.51330418938968","64"
"FH8",22,"65","7.36655562785236","22.0682017123115","65"
"FH8",22,"66","31.5569817547047","19.0139896155571","66"
"FH8",22,"67","35.5382772079011","21.6862552345662","67"
"FH8",22,"68","35.4007968138539","28.1313273358541","68"
"FH8",22,"69","38.7145046485988","1.23476835871895","69"
"FH8",22,"70","37.6438275563945","13.9950908592779","70"
"FH8",22,"71","45.3195530393777","14.6146902618054","71"
"FH8",22,"72","51.1558341094227","0.69394801082332","72"
"FH8",22,"73","55.8302966774694","1.82937708505014","73"
"FH8",22,"74","59.7583538854238","6.10721498200359","74"
"FH8",22,"75","73.2471406313978","3.37652692624723","75"
"FH8",22,"76","71.5996094790783","5.15030605633095","76"
"FH8",22,"77","66.7994786194737","5.31373948007588","77"
"FH8",22,"78","61.4227729438171","8.47742050533505","78"
"FH8",22,"79","55.5053914785112","10.6223728697927","79"
"FH8",22,"80","64.8753598484857","1.98506381311893","80"
"FH8",22,"81","68.360643355105","0.79038290218911","81"
"FH8",22,"82","51.8605283717336","21.5039415005038","82"
"FH8",22,"83","54.656421880778","17.2821424104367","83"
"FH8",22,"84","67.1638246159846","15.9570535948059","84"
"FH8",22,"85","65.4002156401154","37.313343611824","85"
"FH8",22,"86","98.5895464525626","86.4595623824759","86"
"FH8",22,"87","95.1290349145909","88.5702800247409","87"
"FH8",22,"88","84.0613337821573","86.2913420670548","88"
"FH8",22,"89","94.56792961104","84.7263375621143","89"
"FH8",22,"90","86.9597497399154","80.9353871328824","90"
"FH8",22,"91","80.7093810805465","78.5511163863105","91"
"FH8",22,"92","71.5756787521227","83.2541683336588","92"
"FH8",22,"93","80.7503264273449","91.0399581028108","93"
"FH8",22,"94","68.3678519783695","77.6499946275956","94"
"FH8",22,"95","78.6692543687958","72.8296689881768","95"
"FH8",22,"96","92.0376343254239","75.157118460242","96"
"FH8",22,"97","98.3927561069615","73.1721881049771","97"
"FH8",22,"98","87.0113395224172","70.3346016171789","98"
"FH8",22,"99","76.8110771142969","59.3970434968966","99"
"FH8",22,"100","81.2187279105979","63.2760885326125","100"
"FH8",22,"101","81.0756279102918","58.1187889764895","101"
"FH8",22,"102","78.9285739388768","56.5945930529758","102"
"FH8",22,"103","92.6325015760539","66.0391693141534","103"
"FH8",22,"104","94.3715312369571","61.03686491614","104"
"FH8",22,"105","96.6770448391589","63.4025505308967","105"
"FH8",22,"106","92.4022017498984","63.4736252421522","106"
"FH8",22,"107","92.6441600591453","49.8127171296834","107"
"FH8",22,"108","98.4428792680763","50.2024767912643","108"
"FH8",22,"109","89.4357524992358","45.8136071388038","109"
"FH8",22,"110","94.4842700491638","36.6741385476442","110"
"FH8",22,"111","98.6791568608618","39.9122468052564","111"
"FH8",22,"112","84.4537811587261","32.8473130951833","112"
"FH8",22,"113","80.5037145097999","32.552056862616","113"
"FH8",22,"114","74.8827399913134","24.3959541984814","114"
"FH8",22,"115","68.009192678302","24.0718442587898","115"
"FH8",22,"116","76.1781165650996","31.9716189935368","116"
"FH8",22,"117","72.5111559868596","34.8423681428446","117"
"FH8",22,"118","74.6121550688668","29.9228766152498","118"
"FH8",22,"119","69.8457602741413","27.5988777125554","119"
"FH8",22,"120","67.1864680458812","27.1275193897365","120"
"FH8",22,"121","59.3395776406848","24.5853899294036","121"
"FH8",22,"122","61.9492669676172","24.9184069662649","122"
"FH8",22,"123","39.2434116845032","30.8038031745698","123"
"FH8",22,"147","9.90272816623792","6.27148298458815","147"
"FH8",22,"150","39.7535615832779","13.4217333639617","150"
"FH8",22,"152","56.0647079311142","29.705390095714","152"
"FH8",22,"154","98.5712533917627","29.3692120970988","154"
"FH8",22,"155","97.5085794618188","33.7007618135187","155"
"FH8",22,"156","83.3732255851291","40.2634295843581","156"
"FH8",22,"157","87.5691130208922","37.1918604344501","157"
"FH8",22,"158","88.9968203324461","41.8286381447533","158"
"FH8",22,"159","83.4316884768583","51.6278379491626","159"
"FH8",22,"160","85.4532307092777","49.34916941479","160"
"FH8",22,"176","68.2806894174584","87.7124469950223","176"
"FH8",22,"183","3.2641572124717","42.3312122335749","183"
"FH8",22,"184","3.44609746968693","39.6816673840573","184"
"FH8",22,"185","2.00953617530524","41.5545663631066","185"
"FH8",22,"186","94.0187213409495","33.7361104220489","186"
"FH8",22,"187","7.342529296875","12.738037109375","187"
"FH8",22,"188","44.95849609375","71.6400146484375","188"
"FH8",22,"189","47.71728515625","71.96044921875","189"
"K1P",18,"63","98.9946262353958","26.3924747503183","63"
"K1P",18,"64","94.7318152192573","20.3724695166316","64"
"K1P",18,"65","88.8625265150447","20.2123492655296","65"
"K1P",18,"66","98.9285173285608","16.1806649156409","66"
"K1P",18,"67","94.4395964087717","12.3801124389225","67"
"K1P",18,"68","93.4647738252553","7.56302714451146","68"
"K1P",18,"69","82.3854082746819","4.00184097814659","69"
"K2P",18,"4","34.6705467074986","97.5934102746067","4"
"K2P",18,"5","23.3433329590862","96.4156055749884","5"
"K2P",18,"6","21.0018058899306","99.0513592751334","6"
"K2P",18,"7","20.6737038849142","95.0956006447958","7"
"K2P",18,"8","20.5720478123236","90.0194325082303","8"
"K2P",18,"9","43.0892909889463","95.8449658761026","9"
"K2P",18,"10","36.9666683570145","73.9872673113918","10"
"K2P",18,"11","39.4082067718585","74.3192384395883","11"
"K2P",18,"12","50.3823952503346","88.7617799785074","12"
"K2P",18,"13","57.3727995025074","86.099862704378","13"
"K2P",18,"14","53.6183468986334","84.7657688697926","14"
"K2P",18,"15","55.1084670867639","95.553489155227","15"
"K2P",18,"16","57.6409221396575","93.1271486371766","16"
"K2P",18,"17","58.3408913526477","97.9029626376011","17"
"K2P",18,"18","60.3127010521478","95.0798060743047","18"
"K2P",18,"19","64.8144991784119","97.6423264388877","19"
"K2P",18,"20","65.5431808900412","93.503698482404","20"
"K2P",18,"21","63.9700717259985","79.6187679261755","21"
"K2P",18,"22","71.8700915215366","93.0353014808936","22"
"K2P",18,"23","85.2700283928025","98.8616503014234","23"
"K2P",18,"24","81.708059991889","90.2818036922733","24"
"K2P",18,"25","97.8522360297978","94.8192399514942","25"
"K2P",18,"26","95.2374067719283","90.7574658768101","26"
"K2P",18,"27","86.5825366075654","79.3511539783403","27"
"K2P",18,"28","73.6448453011046","70.0257089036645","28"
"K2P",18,"29","64.9433096166488","68.8344596335182","29"
"K2P",18,"30","56.0803611966368","58.4859252117636","30"
"K2P",18,"31","44.6514563791681","53.1406219528919","31"
"K2P",18,"32","38.2798174170654","56.9009751001706","32"
"K2P",18,"33","31.0779667989547","49.143487229403","33"
"K2P",18,"34","90.2605004803515","66.3576890737775","34"
"K2P",18,"35","7.03689633274855","45.2318373860531","35"
"K2P",18,"36","9.47694962880461","46.1824816227558","36"
"K2P",18,"37","16.3367666709202","39.403656651116","37"
"K2P",18,"38","5.13095106435587","33.8919572687385","38"
"K2P",18,"39","4.87177908711954","26.5694942447725","39"
"K2P",18,"40","7.42465713584938","13.2856111800235","40"
"K2P",18,"41","9.53176933427162","0.8585972181916","41"
"K2P",18,"42","24.8596545724954","2.26060868403409","42"
"K2P",18,"43","21.6022222434946","8.09660858949176","43"
"K2P",18,"44","27.8509112934099","13.2326284899274","44"
"K2P",18,"45","32.8966194095542","17.6966878687848","45"
"K2P",18,"46","37.4235426816613","10.8798374722674","46"
"K2P",18,"47","42.9883803686638","16.2471028011201","47"
"K2P",18,"48","46.935712692299","18.4500909419397","48"
"K2P",18,"49","47.1265661160687","26.9780373517737","49"
"K2P",18,"50","55.7785116941827","20.8376626892485","50"
"K2P",18,"51","57.1333970385853","0.63076417401357","51"
"K2P",18,"52","68.7488533486097","0.56003177121536","52"
"K2P",18,"53","64.7824510485737","4.47924769594855","53"
"K2P",18,"54","68.1209793286483","8.37634659713227","54"
"K2P",18,"55","71.4087235369766","5.62577370985915","55"
"K2P",18,"56","79.7108655900051","5.03696250272653","56"
"K2P",18,"57","85.242073416721","8.13326964505113","57"
"K2P",18,"58","76.1135953908778","11.273915637886","58"
"K2P",18,"59","93.906520251547","0.56893990168477","59"
"K2P",18,"60","99.0562111295851","6.429912089678","60"
"K2P",18,"61","94.4359149589236","10.3144030983214","61"
"K2P",18,"62","97.3862226228757","19.8922776333574","62"
"K2P",18,"63","89.9733704010921","15.7310905893252","63"
"K2P",18,"64","78.5925092070228","15.5551415274266","64"
"K2P",18,"65","68.1865796236606","22.1082611052126","65"
"K2P",18,"66","72.4578748689654","27.7185731858651","66"
"K2P",18,"67","81.4088768042349","26.8106239736491","67"
"K2P",18,"68","92.3225151406938","22.9917622847336","68"
"K2P",18,"69","90.5447452933999","28.4008557856139","69"
"K2P",18,"87","97.7475624624676","78.4337193126899","87"
"K2P",18,"88","30.780029296875","9.68017578125","88"
"K2P",18,"89","57.977294921875","14.080810546875","89"
"K2P",18,"90","84.759521484375","15.362548828125","90"
"K2P",18,"91","19.342041015625","30.1910400390625","91"
"K2P",18,"92","21.917724609375","78.25927734375","92"
"K2P",18,"93","71.038818359375","78.5400390625","93"
"K2P",18,"94","58.502197265625","80.780029296875","94"
"K2P",18,"95","91.680908203125","86.578369140625","95"
"K2P",18,"96","97.8302001953125","86.920166015625","96"
"K2P",18,"97","48.18115234375","87.21923828125","97"
"K2P",18,"98","60.83984375","88.56201171875","98"
"K2P",18,"99","74.920654296875","92.32177734375","99"
"K2P",18,"100","30.0201416015625","94.482421875","100"
"K2P",18,"101","49.658203125","94.659423828125","101"
"K2P",18,"102","18.51806640625","94.8974609375","102"
"K3P",18,"17","35.1962945310276","64.1251739211963","17"
"NA24",26,"44","42.4197541779834","87.9011942530379","44"
"NA24",26,"45","49.049510157829","87.7765537539374","45"
"NA24",26,"46","55.995158834848","93.3320365669918","46"
"NA24",26,"47","57.6724802997242","96.2754694651005","47"
"NA24",26,"48","88.2423938358554","99.5161706962626","48"
"NA24",26,"49","91.1581122805218","93.0520616826566","49"
"NA24",26,"50","87.0221784033361","88.9807910311919","50"
"NA24",26,"51","68.5089010363291","88.1976294832514","51"
"NA24",26,"52","74.2105780042368","82.4452865031486","52"
"NA24",26,"53","64.1315621603825","85.2432622518156","53"
"NA24",26,"54","62.7187423019566","79.7502726974102","54"
"NA24",26,"55","54.1942076822967","76.370184858498","55"
"NA24",26,"56","88.3922887908785","78.3315572985881","56"
"NA24",26,"57","59.1377077427236","70.9304606146336","57"
"NA24",26,"58","97.0467707692982","61.4430795823052","58"
"NA24",26,"59","88.8445977180219","61.2348481017657","59"
"NA24",26,"60","70.4568533948781","58.667517880825","60"
"NA24",26,"61","64.4572323806511","50.2132472591431","61"
"NA24",26,"62","1.168193457261","72.8737521434087","62"
"NA24",26,"63","10.2389473794662","74.8628508679277","63"
"NA24",26,"64","8.41809113622143","59.8062493970039","64"
"NA24",26,"65","15.771190145638","60.886804621637","65"
"NA24",26,"66","8.89074223281146","50.6886103046376","66"
"NA24",26,"67","23.7476519771387","62.1137343338891","67"
"NA24",26,"68","29.2045188858163","56.4233577972782","68"
"NA24",26,"69","31.6525452872351","56.2213909184866","69"
"NA24",26,"70","22.8514286094553","47.8006741461561","70"
"NA24",26,"71","29.1978986883925","44.7504362937513","71"
"NA24",26,"72","30.5101244532579","16.608400927834","72"
"NA24",26,"73","63.4438383349584","38.300081774561","73"
"NA24",26,"74","73.8633366421033","41.0008733748529","74"
"NA24",26,"75","85.4124073515278","43.1638732908936","75"
"NA24",26,"76","81.0341647324328","51.1626850124442","76"
"NA24",26,"77","84.7337764201002","48.5525736470315","77"
"NA24",26,"78","99.0856368065991","16.2611577753134","78"
"NA24",26,"79","73.2095298747682","33.9590848691055","79"
"NA24",26,"80","80.9050461138176","27.0043273419908","80"
"NA24",26,"81","80.2520446055241","12.2524239291745","81"
"NA24",26,"82","84.3236586559149","9.1418201848016","82"
"NA24",26,"83","69.6340209931182","0.37811192832719","83"
"NA24",26,"84","55.3195029086635","14.7944169988846","84"
"NA24",26,"85","53.4738744397393","2.80307786180676","85"
"NA24",26,"116","49.3408203125","1.397705078125","116"
"NA24",26,"117","45.458984375","4.241943359375","117"
"NA24",26,"118","51.641845703125","14.00146484375","118"
"NA24",26,"119","88.65966796875","17.437744140625","119"
"NA24",26,"120","54.522705078125","19.879150390625","120"
"NA24",26,"121","87.921142578125","22.2198486328125","121"
"NA24",26,"122","90.301513671875","22.479248046875","122"
"NA24",26,"123","52.28271484375","23.577880859375","123"
"NA24",26,"124","65.9881591796875","25.360107421875","124"
"NA24",26,"125","96.74072265625","30.13916015625","125"
"NA24",26,"126","69.781494140625","38.958740234375","126"
"NA24",26,"127","66.778564453125","39.019775390625","127"
"NA24",26,"128","82.440185546875","40.057373046875","128"
"NA24",26,"129","44.90966796875","41.558837890625","129"
"NA24",26,"130","89.66064453125","42.901611328125","130"
"NA24",26,"131","99.761962890625","44.140625","131"
"NA24",26,"132","93.402099609375","44.537353515625","132"
"NA24",26,"133","94.8883056640625","46.2890625","133"
"NA24",26,"134","97.7783203125","46.478271484375","134"
"NA24",26,"135","52.081298828125","46.77734375","135"
"NA24",26,"136","15.6982421875","46.820068359375","136"
"NA24",26,"137","58.8623046875","48.84033203125","137"
"NA24",26,"138","25.37841796875","49.8199462890625","138"
"NA24",26,"139","4.2510986328125","53.16162109375","139"
"NA24",26,"140","91.998291015625","55.657958984375","140"
"NA24",26,"141","4.2999267578125","59.33837890625","141"
"NA24",26,"142","94.29931640625","61.34033203125","142"
"NA24",26,"143","26.580810546875","64.4775390625","143"
"NA24",26,"144","23.33984375","65.478515625","144"
"NA24",26,"145","64.642333984375","69.781494140625","145"
"NA24",26,"146","47.900390625","71.160888671875","146"
"NA24",26,"147","38.28125","77.142333984375","147"
"NA24",26,"148","49.84130859375","79.38232421875","148"
"NA24",26,"149","55.120849609375","82.220458984375","149"
"NA24",26,"150","58.258056640625","82.6202392578125","150"
"NA24",26,"151","53.4423828125","82.757568359375","151"
"NA24",26,"152","51.03759765625","85.302734375","152"
"NA24",26,"153","78.60107421875","87.5518798828125","153"
"NA24",26,"154","74.359130859375","89.09912109375","154"
"NA24",26,"155","69.17724609375","90.399169921875","155"
"NA24",26,"156","25.079345703125","93.9300537109375","156"
"NA25",25,"13","49.9280366252431","91.953198220092","13"
"NA25",25,"14","46.5046936524762","89.8406897999701","14"
"NA25",25,"15","43.6340716291938","90.3931322597148","15"
"NA25",25,"16","46.6797641478781","81.8559467011801","16"
"NA25",25,"17","46.8246065169766","71.5436964548213","17"
"NA25",25,"18","42.4943473571172","72.1672944850397","18"
"NA25",25,"29","44.3693071200763","47.1216400201533","29"
"NA25",25,"32","42.5518361544704","58.7369583269817","32"
"NA25",25,"33","39.1081595889558","28.0787394791437","33"
"NA25",25,"34","6.12317106236343","21.8351144848263","34"
"NA25",25,"47","15.0694568508907","15.5686909459473","47"
"NA25",25,"48","19.4806320341703","8.23220725990875","48"
"NA25",25,"49","33.6737291530886","9.79206199836023","49"
"NA25",25,"50","65.7888962269874","94.6280574330368","50"
"NA25",25,"82","18.0877868630692","49.1707047891211","82"
"NA25",25,"83","7.080078125","40.740966796875","83"
"NA25",25,"84","73.5198974609375","44.4580078125","84"
"NA25",25,"85","96.1181640625","90.8599853515625","85"
"NA25",25,"86","56.842041015625","97.3602294921875","86"
"NA25",25,"87","58.6181640625","98.2879638671875","87"
"NA26",27,"9","6.97350802229788","87.1812302220128","9"
"NA26",27,"11","10.7739484691161","63.8956191608822","11"
"NA26",27,"12","31.2522016270088","63.599048724663","12"
"NA26",27,"13","50.8174579335841","53.6041105314254","13"
"NA26",27,"14","24.820914713942","33.609012571367","14"
"NA26",27,"30","49.9815938061905","9.5237691432252","30"
"NA26",27,"37","59.7898968142982","78.7689275149772","37"
"NA26",27,"38","63.3827219604181","67.7659607420651","38"
"NA26",27,"39","56.4388108722476","69.1318058177635","39"
"NA26",27,"40","62.1309584466306","60.2706427272142","40"
"NA26",27,"53","62.9276692611559","43.0983105910429","53"
"NA26",27,"54","68.4363661945346","49.0163233135908","54"
"NA26",27,"55","57.5121470316939","48.8723802579421","55"
"NA26",27,"56","80.0799956924863","0.83072719132663","56"
"NA26",27,"57","72.381591796875","3.057861328125","57"
"NA26",27,"58","21.820068359375","27.337646484375","58"
"NA26",27,"59","48.358154296875","33.380126953125","59"
"NA26",27,"60","63.0615234375","33.721923828125","60"
"NA26",27,"61","72.61962890625","40.6982421875","61"
"NA26",27,"62","45.39794921875","50.640869140625","62"
"NA26",27,"63","11.8408203125","52.3193359375","63"
"NA26",27,"64","30.35888671875","53.1005859375","64"
"NA26",27,"65","54.7607421875","53.1280517578125","65"
"NA26",27,"66","70.20263671875","62.841796875","66"
"NA26",27,"67","16.058349609375","65.6402587890625","67"
"NA26",27,"68","67.559814453125","76.5625","68"
"NA26",27,"69","70.01953125","76.5625","69"
"NA26",27,"70","66.8212890625","86.68212890625","70"
"NA26",27,"71","75.860595703125","87.158203125","71"
"NA26",27,"72","65.8599853515625","90.44189453125","72"
"NA26",27,"73","3.778076171875","98.101806640625","73"
"NA27",27,"0","46.9979663519391","86.6136074091377","0"
"NA27",27,"1","33.8220157558562","86.4548026732534","1"
"NA27",27,"2","4.36621695462244","59.3412899819953","2"
"NA27",27,"3","2.31926790462966","39.7156021722653","3"
"NA27",27,"4","16.9952861813597","15.2286097252391","4"
"NA27",27,"5","5.93407002209848","8.45190018482417","5"
"NA27",27,"6","25.2780338230608","8.10035080457219","6"
"NA27",27,"7","34.7717152963839","12.3687758178092","7"
"NA27",27,"8","43.4776109159253","64.6643921609648","8"
"NA27",27,"9","65.6516086606135","92.7626692127431","9"
"NA27",27,"10","65.2645570254413","75.3709090932532","10"
"NA27",27,"11","71.5625853477962","71.3783985939619","11"
"NA27",27,"12","95.8322039312119","92.050394930744","12"
"NA27",27,"13","90.8825851041297","79.3558772343476","13"
"NA27",27,"14","96.9214731393877","50.6933564883435","14"
"NA27",27,"15","84.9636550871573","35.1927914819348","15"
"NA27",27,"16","57.7085016854456","12.9398436500115","16"
"NA27",27,"17","58.9823569046866","5.69894497612436","17"
"NA27",27,"105","48.2879638671875","2.557373046875","105"
"NA27",27,"106","32.92236328125","14.959716796875","106"
"NA27",27,"107","23.699951171875","17.437744140625","107"
"NA27",27,"108","25.9002685546875","19.000244140625","108"
"NA27",27,"109","63.9801025390625","19.061279296875","109"
"NA27",27,"110","25.09765625","20.6787109375","110"
"NA27",27,"111","86.199951171875","21.1181640625","111"
"NA27",27,"112","18.07861328125","21.319580078125","112"
"NA27",27,"113","82.318115234375","22.55859375","113"
"NA27",27,"114","85.882568359375","25","114"
"NA27",27,"115","16.082763671875","25.09765625","115"
"NA27",27,"116","82.318115234375","25.421142578125","116"
"NA27",27,"117","91.339111328125","26.94091796875","117"
"NA27",27,"118","7.342529296875","28.179931640625","118"
"NA27",27,"119","12.481689453125","30.82275390625","119"
"NA27",27,"120","13.5009765625","32.818603515625","120"
"NA27",27,"121","9.02099609375","34.0576171875","121"
"NA27",27,"122","9.942626953125","35.198974609375","122"
"NA27",27,"123","0.81787109375","50.40283203125","123"
"NA27",27,"124","10.418701171875","52.880859375","124"
"NA27",27,"125","96.502685546875","62.21923828125","125"
"NA27",27,"126","89.44091796875","63.177490234375","126"
"NA27",27,"127","95.477294921875","64.422607421875","127"
"NA27",27,"128","84.417724609375","67.059326171875","128"
"NA27",27,"129","1.641845703125","67.938232421875","129"
"NA27",27,"130","93.9208984375","83.45947265625","130"
"NA27",27,"131","85.2783203125","83.6181640625","131"
"NA27",27,"132","73.358154296875","86.0595703125","132"
"NA27",27,"133","79.0802001953125","89.501953125","133"
"NA27",27,"134","84.259033203125","91.278076171875","134"
"NA27",27,"135","28.82080078125","95.758056640625","135"
"NA27",27,"136","64.0380859375","99.21875","136"
"NA27",27,"137","69.219970703125","99.322509765625","137"
"NA28",28,"35","23.1219062016749","91.830582227084","35"
"NA28",28,"36","35.3718820865448","81.3110532358008","36"
"NA28",28,"37","65.2412595447846","76.2439309334681","37"
"NA28",28,"38","69.5310339234159","69.4943726912519","38"
"NA28",28,"39","58.3668791851159","64.5238290996282","39"
"NA28",28,"40","35.2304365567184","17.102624011968","40"
"NA28",28,"41","47.3666801464033","15.5307152289097","41"
"NA28",28,"42","48.9471733006879","7.46418124559527","42"
"NA28",28,"43","44.7070333207698","6.71272460757245","43"
"NA28",28,"44","51.1100519984565","1.15885911937177","44"
"NA28",28,"45","57.0991612614195","9.82971088923721","45"
"NA28",28,"46","33.101623223182","1.45100569841818","46"
"NA28",28,"54","45.037841796875","25.738525390625","54"
"NA28",28,"55","50.079345703125","28.558349609375","55"
"NA28",28,"56","59.0576171875","84.417724609375","56"
"NA28",28,"57","62.2802734375","86.260986328125","57"
"NA29",29,"0","22.0111321913824","92.4986826889392","0"
"NA29",29,"1","9.00095627240032","77.1762205990519","1"
"NA29",29,"2","31.3813872927221","80.0762155467859","2"
"NA29",29,"3","37.5606150712416","90.8046777396331","3"
"NA29",29,"4","41.2176436431604","91.3369013080884","4"
"NA29",29,"5","27.731665556021","76.0389409748817","5"
"NA29",29,"6","9.69190889654806","70.2008641568604","6"
"NA29",29,"7","28.1164854763993","45.249706658751","7"
"NA29",29,"8","42.6575408857346","52.5513632728847","8"
"NA29",29,"9","37.4366787657439","24.3122399227528","9"
"NA29",29,"10","51.0613352444984","34.4300252794414","10"
"NA29",29,"11","32.8229067109275","1.10337721891931","11"
"NA29",29,"12","62.7665726070596","23.4343228029756","12"
"NA29",29,"13","56.6057942797689","31.585476000766","13"
"NA29",29,"14","66.6904263556525","33.4071006446866","14"
"NA29",29,"15","84.8676088334981","9.89785909870911","15"
"NA29",29,"16","96.4103352341669","22.7800955027676","16"
"NA29",29,"17","64.5452577118937","49.330616349888","17"
"NA29",29,"18","94.8370381808891","39.6126161791173","18"
"NA29",29,"19","79.022471120102","61.4923427798092","19"
"NA29",29,"20","84.6548943011738","56.6113383790491","20"
"NA29",29,"21","99.3770490141917","58.0358049608388","21"
"NA29",29,"22","63.316668778046","98.1556147692628","22"
"NA29",29,"23","63.4964969579439","81.165420720926","23"
"NA29",29,"24","84.5486990854361","99.142511654593","24"
"NA29",29,"25","97.31030735882","99.3479785372346","25"
"NA29",29,"26","99.5524464154592","90.432244919521","26"
"NA29",29,"27","89.5206053631145","83.574693462963","27"
"NA29",29,"28","75.2934484037182","72.7171918226586","28"
"NA29",29,"85","73.9015536667659","41.6176557817242","85"
"NA29",29,"86","51.422119140625","0.5401611328125","86"
"NA29",29,"87","99.578857421875","1.4404296875","87"
"NA29",29,"88","79.840087890625","3.741455078125","88"
"NA29",29,"89","84.698486328125","4.0679931640625","89"
"NA29",29,"90","83.0810546875","5.7373046875","90"
"NA29",29,"91","59.759521484375","9.2681884765625","91"
"NA29",29,"92","37.060546875","11.181640625","92"
"NA29",29,"93","56.73828125","11.181640625","93"
"NA29",29,"94","89.678955078125","14.178466796875","94"
"NA29",29,"95","55.181884765625","18.377685546875","95"
"NA29",29,"96","76.0986328125","18.658447265625","96"
"NA29",29,"97","52.38037109375","23.199462890625","97"
"NA29",29,"98","90.521240234375","26.220703125","98"
"NA29",29,"99","92.3583984375","27.557373046875","99"
"NA29",29,"100","86.9384765625","27.7801513671875","100"
"NA29",29,"101","73.0224609375","28.057861328125","101"
"NA29",29,"102","90.118408203125","28.619384765625","102"
"NA29",29,"103","53.839111328125","30.2978515625","103"
"NA29",29,"104","96.5576171875","32.037353515625","104"
"NA29",29,"105","45.721435546875","39.697265625","105"
"NA29",29,"106","97.05810546875","43.597412109375","106"
"NA29",29,"107","50.482177734375","43.939208984375","107"
"NA29",29,"108","91.259765625","47.2412109375","108"
"NA29",29,"109","50.7598876953125","52.618408203125","109"
"NA29",29,"110","37.21923828125","61.0595703125","110"
"NA29",29,"111","59.197998046875","62.40234375","111"
"NA29",29,"112","67.98095703125","66.10107421875","112"
"NA29",29,"113","73.919677734375","68.3319091796875","113"
"NA29",29,"114","70.001220703125","76.66015625","114"
"NA29",29,"115","59.698486328125","76.8280029296875","115"
"NA29",29,"116","2.16064453125","77.117919921875","116"
"NA29",29,"117","20.062255859375","79.241943359375","117"
"NA29",29,"118","51.318359375","81.7626953125","118"
"NA29",29,"119","27.3193359375","83.319091796875","119"
"NA29",29,"120","53.277587890625","88.677978515625","120"
"NA29",29,"121","90.97900390625","93.939208984375","121"
"NA29",29,"122","97.4609375","94.342041015625","122"
"NA29",29,"123","96.6796875","95.61767578125","123"
"NA29",29,"124","97.27783203125","97.479248046875","124"
"NA29",29,"125","79.16259765625","99.761962890625","125"
"NB24",25,"9","19.8013974453026","83.1677999713252","9"
"NB24",25,"10","67.5607022277703","61.572378724005","10"
"NB24",25,"11","60.3587227531067","56.684871501004","11"
"NB24",25,"12","55.0280136777886","47.4822684564317","12"
"NB24",25,"26","42.138671875","37.982177734375","26"
"NB24",25,"27","48.84033203125","44.439697265625","27"
"NB24",25,"28","18.438720703125","61.358642578125","28"
"NB24",25,"29","73.138427734375","62.21923828125","29"
"NB24",25,"32","55.2978515625","93.42041015625","32"
"NB25",25,"21","1.76754297384081","95.4221859591421","21"
"NB25",25,"22","16.3471309055616","79.1263939630599","22"
"NB25",25,"23","15.2794813221742","75.0312609332336","23"
"NB25",25,"24","19.1562030218803","66.1742165275999","24"
"NB25",25,"25","7.78346480794044","58.3579263024766","25"
"NB25",25,"26","10.281466165823","0.90679045244236","26"
"NB25",25,"27","61.0778858379254","30.8182268028091","27"
"NB25",25,"28","85.8054528430325","9.96216302653654","28"
"NB25",25,"29","86.2320162536152","13.5256632898027","29"
"NB25",25,"30","75.097894940893","59.3097574960757","30"
"NB25",25,"31","75.8185517058095","49.1397371404069","31"
"NB25",25,"32","84.0835854545795","71.2136484541763","32"
"NB25",25,"33","91.6778156028179","83.8682864456797","33"
"NB25",25,"34","82.3141390034229","84.467909569865","34"
"NB25",25,"35","80.9767599293378","99.5939718252115","35"
"NB25",25,"63","70.52001953125","18.73779296875","63"
"NB25",25,"64","50.799560546875","32.720947265625","64"
"NB25",25,"67","48.84033203125","37.017822265625","67"
"NC27",33,"14","17.63916015625","60.382080078125","14"
