"quad","year","SP_ID","ObjectID","species","seedling","area","x","y","age","survives","dormancy","trackID","distEdgeMin","allEdge"
"Q1",2014,"32",34,"Artemisia tripartita","N",27.524940915213,42.3767525051311,35.0082957422809,1,1,0,1,30.8056,0
"Q1",2015,"59",61,"Artemisia tripartita","N",19.0915666706585,42.1169155619122,37.4055138255004,2,0,0,1,33.87995,0
"Q1",2015,"63",65,"Artemisia tripartita","N",7.95739863284251,14.2384663981233,49.0195801800409,1,0,0,2,12.496541,0
"Q19",2007,"27",28,"Artemisia tripartita","N",57.269349290676,95.3170786009332,76.4828104673196,1,1,0,1,0,0
"Q19",2007,"28",29,"Artemisia tripartita","N",57.1827539267165,47.8856473256993,84.7022236020831,1,1,0,2,9.26987099999999,0
"Q19",2007,"29",30,"Artemisia tripartita","N",10.711195296064,42.4325679786565,83.0305781200125,1,0,0,2,13.369727,0
"Q19",2007,"30",31,"Artemisia tripartita","N",362.754107313743,59.6234806324188,12.218907272422,1,1,0,3,0,0
"Q19",2007,"31",32,"Artemisia tripartita","N",71.8597224519235,3.39394478693494,93.8180257370052,1,1,0,4,0,0
"Q19",2007,"32",33,"Artemisia tripartita","N",8.183722334284,2.19906900987806,82.5756704324426,1,0,0,4,0,1
"Q19",2007,"33",34,"Artemisia tripartita","N",137.318453776282,4.68361880438069,68.5556575704875,1,1,0,4,0,0
"Q19",2008,"31",32,"Artemisia tripartita","N",125.479754840122,47.382888567117,83.6630088258332,2,1,0,2,7.14590099999999,0
"Q19",2008,"32",33,"Artemisia tripartita","N",84.5179253226465,3.19852387901177,92.2677902287208,2,1,0,4,0,0
"Q19",2008,"33",34,"Artemisia tripartita","N",110.732612589068,3.13592309176702,67.7877786905695,2,1,0,4,0,0
"Q19",2008,"34",35,"Artemisia tripartita","N",540.006712443432,60.578946581487,12.4438960799644,2,1,0,3,0,0
"Q19",2009,"43",44,"Artemisia tripartita","N",128.448110810853,4.46845334612296,93.3509976537288,3,1,0,4,0,0
"Q19",2009,"44",45,"Artemisia tripartita","N",196.415957337184,4.66317208462254,67.7239954776276,3,1,0,4,0,0
"Q19",2009,"45",46,"Artemisia tripartita","N",217.760329461375,44.4414161853933,87.0541017568347,3,1,0,2,2.396461,0
"Q19",2009,"46",47,"Artemisia tripartita","N",142.485545496672,92.5679043819508,81.3316977844255,3,1,1,1,1.16891099999999,0
"Q19",2009,"47",48,"Artemisia tripartita","N",157.623158161313,73.0860637693954,27.5044460385679,3,0,0,3,18.036502,0
"Q19",2009,"48",49,"Artemisia tripartita","N",525.930402459194,57.8449891664012,9.52163817406451,3,1,0,3,0,0
"Q19",2010,"55",56,"Artemisia tripartita","N",231.576975471064,44.5077904861413,87.6112511583009,4,1,0,2,0,0
"Q19",2010,"56",57,"Artemisia tripartita","N",169.540228408513,94.8644646750997,83.8265459666864,4,1,0,1,0,0
"Q19",2010,"57",58,"Artemisia tripartita","N",161.238804563438,5.27834343393508,92.8406004513341,4,1,0,4,0,0
"Q19",2010,"58",59,"Artemisia tripartita","N",217.035785911329,5.04691803075194,69.3613134673118,4,1,0,4,0,0
"Q19",2010,"59",60,"Artemisia tripartita","N",147.598405451228,63.3980333343756,18.2570467291204,4,0,0,3,9.037191,0
"Q19",2010,"60",61,"Artemisia tripartita","N",132.906052222403,51.4050752082748,3.98351205222829,4,1,0,3,0,0
"Q19",2011,"57",58,"Artemisia tripartita","N",318.138752868593,59.9312059827187,8.64993939466384,5,1,0,3,0,0
"Q19",2011,"58",59,"Artemisia tripartita","N",171.619178411954,95.5672763372923,78.5677187060776,5,1,0,1,0,0
"Q19",2011,"59",60,"Artemisia tripartita","N",299.374764987149,44.8111820114445,81.9358053532885,5,1,0,2,4.994832,0
"Q19",2011,"60",61,"Artemisia tripartita","N",88.3194618948045,3.64088456640705,92.8828273145537,5,1,0,4,0,0
"Q19",2011,"61",62,"Artemisia tripartita","N",235.835325148952,4.96718240759521,68.7914591034455,5,1,0,4,0,0
"Q19",2012,"94",95,"Artemisia tripartita","N",292.326169075649,45.8464072201435,83.0289231937761,6,1,0,2,3.05201600000001,0
"Q19",2012,"95",96,"Artemisia tripartita","N",85.247371042746,97.7182341346897,83.7452641845781,6,1,0,1,0,0
"Q19",2012,"96",97,"Artemisia tripartita","N",39.196112853371,11.9888363577798,97.9972869782697,6,0,0,4,0.0141249999999928,0
"Q19",2012,"97",98,"Artemisia tripartita","N",64.1526701485615,6.46983647237198,84.2894829877383,6,1,0,4,3.733855,0
"Q19",2012,"98",99,"Artemisia tripartita","N",406.458427885378,59.1343581717979,8.98293867304636,6,1,0,3,0,0
"Q19",2013,"84",88,"Artemisia tripartita","N",427.302297963722,56.5305797727086,6.61410285921498,7,1,0,3,0,0
"Q19",2013,"85",89,"Artemisia tripartita","N",400.645974671233,48.2936963269107,83.5138156648233,7,1,0,2,0,0
"Q19",2013,"86",91,"Artemisia tripartita","N",47.4408525082445,98.085472072715,89.5223355751147,7,1,0,1,0,0
"Q19",2013,"126",131,"Artemisia tripartita","N",286.587163604736,3.59134537536421,80.9650534029103,7,1,0,4,0,0
"Q19",2014,"62",66,"Artemisia tripartita","N",171.556114522579,94.8961602491703,88.9880659708793,8,1,0,1,0,0
"Q19",2014,"63",67,"Artemisia tripartita","N",492.01907013981,48.9282035783697,81.9214940686096,8,1,0,2,0.576719999999995,0
"Q19",2014,"64",68,"Artemisia tripartita","N",183.008225952889,3.17124453877587,89.8450045669709,8,1,0,4,0,0
"Q19",2014,"65",69,"Artemisia tripartita","N",482.028170211836,59.1574154076778,7.65153240961065,8,1,0,3,0,0
"Q19",2015,"54",55,"Artemisia tripartita","N",151.627519414876,96.2262866653735,90.6367275992131,9,0,0,1,0,0
"Q19",2015,"57",58,"Artemisia tripartita","N",432.214893520995,62.0689793555196,8.05908971771349,9,0,0,3,0,0
"Q19",2015,"58",59,"Artemisia tripartita","N",390.058518751451,5.06567219912668,67.7700069627965,9,0,0,4,0,0
"Q19",2015,"59",60,"Artemisia tripartita","N",493.485409734544,52.4718841044601,80.5180103845062,9,0,0,2,0.604009000000005,0
"Q2",2007,"18",19,"Artemisia tripartita","N",115.838580234405,13.9101186228903,7.65277490507324,1,1,0,1,1.053361,0
"Q2",2007,"19",20,"Artemisia tripartita","N",29.54044450266,47.7419866000445,17.9335430177921,1,0,0,2,15.053964,0
"Q2",2007,"20",21,"Artemisia tripartita","N",16.738732941652,31.855778313283,2.03164102782677,1,1,0,3,0,1
"Q2",2007,"22",23,"Artemisia tripartita","N",187.487930855062,54.7953331369005,20.8412267888652,1,1,0,4,13.55495,0
"Q2",2007,"24",25,"Artemisia tripartita","N",27.051046758413,62.3049411782549,2.67857077742052,1,0,0,5,0,0
"Q2",2007,"25",26,"Artemisia tripartita","N",61.42312106011,72.5857834659677,3.98353652620793,1,1,0,6,0,0
"Q2",2007,"26",27,"Artemisia tripartita","N",98.933545052819,89.8356866288144,4.97259108128103,1,1,0,7,0.036014,0
"Q2",2007,"27",28,"Artemisia tripartita","N",3181.50014927858,69.4075384194933,75.4077966024775,1,1,0,8,0,0
"Q2",2008,"23",24,"Artemisia tripartita","N",178.877898476612,53.1069154818512,21.1127670517512,2,1,0,4,11.416181,0
"Q2",2008,"24",25,"Artemisia tripartita","N",126.631555354752,13.4128817823777,10.1438542673412,2,1,0,1,1.295314,0
"Q2",2008,"25",26,"Artemisia tripartita","N",206.162260283146,70.0429098505352,6.23526658944454,2,1,0,6,0,0
"Q2",2008,"26",27,"Artemisia tripartita","N",3945.08787555,65.2337566174024,71.3386105916153,2,1,0,8,0,0
"Q2",2008,"27",28,"Artemisia tripartita","N",31.9008,29.2019050201458,4.05872168305079,2,1,0,3,0.49,0
"Q2",2008,"28",29,"Artemisia tripartita","N",198.920080215,95.4127134545219,43.2317034623235,2,0,0,8,0,0
"Q2",2008,"29",30,"Artemisia tripartita","N",188.328618,88.7649875256112,6.83836279461963,2,1,0,7,0,0
"Q2",2009,"38",39,"Artemisia tripartita","N",154.351939781059,14.7836751523909,10.5200811307976,3,1,0,1,0.514412,0
"Q2",2009,"39",40,"Artemisia tripartita","N",2867.94605492311,73.2697158557895,73.8610080920892,3,1,0,8,0,0
"Q2",2009,"40",41,"Artemisia tripartita","N",64.686474986497,22.6072362068586,71.4811283297356,3,0,0,8,18.785325,0
"Q2",2009,"41",42,"Artemisia tripartita","N",110.76217849711,31.1026700009398,95.5546189402964,3,1,0,8,0,0
"Q2",2009,"45",46,"Artemisia tripartita","N",47.086499552461,32.9591761607554,3.27187544734453,3,1,0,3,0,0
"Q2",2009,"46",47,"Artemisia tripartita","N",186.229268521715,89.7757849964491,6.88358066544616,3,1,0,7,0,0
"Q2",2009,"48",49,"Artemisia tripartita","N",237.744518581846,55.5139004423836,23.6113235407096,3,1,0,4,13.357258,0
"Q2",2009,"49",50,"Artemisia tripartita","N",130.908252052791,66.7829528654552,4.12318719501893,3,1,0,6,0,0
"Q2",2009,"50",51,"Artemisia tripartita","N",117.51100142151,70.8628682005886,17.8344431471073,3,1,0,6,12.757534,0
"Q2",2009,"52",53,"Artemisia tripartita","N",55.376566557401,48.073781847158,14.2836177020364,3,0,0,4,10.060226,0
"Q2",2009,"53",54,"Artemisia tripartita","N",20.167017750737,50.1203556680946,17.5993341280405,3,0,0,4,14.649101,0
"Q2",2010,"59",60,"Artemisia tripartita","N",119.432205703822,15.8236446630075,11.3699975687399,4,1,0,1,1.236208,0
"Q2",2010,"60",61,"Artemisia tripartita","N",69.880447555172,32.6552829361058,3.78250616012592,4,1,0,3,0.043255,0
"Q2",2010,"62",63,"Artemisia tripartita","N",44.612476127332,62.6731666351538,2.45439196917305,4,0,0,6,0.043255,0
"Q2",2010,"63",64,"Artemisia tripartita","N",79.798542301162,69.9251780235232,4.78084345712694,4,0,0,6,0.043255,0
"Q2",2010,"64",65,"Artemisia tripartita","N",107.530302037636,70.9867437055077,18.6719330598252,4,1,0,6,11.631002,0
"Q2",2010,"65",66,"Artemisia tripartita","N",308.22413533807,53.6878408116536,23.582292630419,4,1,0,4,14.518446,0
"Q2",2010,"66",67,"Artemisia tripartita","N",199.076802145825,89.5468185033281,7.0208230406175,4,1,0,7,0,0
"Q2",2010,"67",68,"Artemisia tripartita","N",2769.69313424624,70.1550363533682,72.7444250598841,4,1,0,8,0,0
"Q2",2010,"68",69,"Artemisia tripartita","N",196.406813954479,26.9751471716822,91.6722130979199,4,0,0,8,0,0
"Q2",2011,"35",36,"Artemisia tripartita","N",86.786131725773,14.1246731754519,9.58948199585004,5,1,0,1,2.402816,0
"Q2",2011,"36",37,"Artemisia tripartita","N",62.822145032054,33.879459255567,3.60119287749967,5,1,0,3,0.074479,0
"Q2",2011,"38",39,"Artemisia tripartita","N",3088.3158532913,66.0726075741298,77.2925432788248,5,1,0,8,0,0
"Q2",2011,"39",40,"Artemisia tripartita","N",360.541330546754,89.5649780685304,36.7218481680527,5,1,0,8,0,0
"Q2",2011,"43",44,"Artemisia tripartita","N",415.324246027902,54.6573805889065,23.2801747613172,5,1,0,4,11.874918,0
"Q2",2011,"44",45,"Artemisia tripartita","N",245.892143231974,70.8507849540187,8.93239698325182,5,1,0,6,0,0
"Q2",2011,"45",46,"Artemisia tripartita","N",226.310210483975,89.566589512193,5.97089848610837,5,1,0,7,0,0
"Q2",2012,"54",55,"Artemisia tripartita","N",57.206902377793,16.3944193731035,7.10100167544303,6,1,0,1,2.585862,0
"Q2",2012,"55",56,"Artemisia tripartita","N",82.406118773454,32.0006277005222,3.93422634455425,6,1,0,3,0,0
"Q2",2012,"56",57,"Artemisia tripartita","N",451.151505056836,86.1673625568072,41.5582365640542,6,0,0,8,0,0
"Q2",2012,"59",60,"Artemisia tripartita","N",282.96610044936,89.9773982349671,7.26226133749819,6,1,0,7,0,0
"Q2",2012,"60",61,"Artemisia tripartita","N",80.592803263896,66.3488540375159,3.21511505366958,6,1,0,6,0,0
"Q2",2012,"61",62,"Artemisia tripartita","N",209.378666894301,71.0645846230709,14.6767824637357,6,1,0,6,1.687379,0
"Q2",2012,"64",65,"Artemisia tripartita","N",24.104420604922,48.6614550971707,10.6696997284138,6,0,0,4,7.287738,0
"Q2",2012,"65",66,"Artemisia tripartita","N",35.730064048541,47.442075223942,16.9236650991453,6,0,0,4,13.902334,0
"Q2",2012,"66",67,"Artemisia tripartita","N",439.773927026736,54.4505061230604,24.9069618384274,6,1,0,4,9.139825,0
"Q2",2012,"67",68,"Artemisia tripartita","N",2872.74978339743,62.0365154040129,73.2725055466214,6,1,0,8,0,0
"Q2",2013,"46",47,"Artemisia tripartita","N",1.138895988718,57.4505706523212,0.19950968625941,7,0,0,6,0,1
"Q2",2013,"47",48,"Artemisia tripartita","N",17.113271339384,75.801175895562,1.50052452675459,7,0,0,6,0,1
"Q2",2013,"48",49,"Artemisia tripartita","N",44.115516448936,63.6085582409359,8.02194178842984,7,0,0,6,4.078713,0
"Q2",2013,"51",52,"Artemisia tripartita","N",234.168714486299,91.0430857351602,6.36012975011546,7,1,0,7,0,0
"Q2",2013,"52",53,"Artemisia tripartita","N",331.482831474144,69.1694161932868,13.2787746513417,7,1,0,6,0,0
"Q2",2013,"56",61,"Artemisia tripartita","N",46.194649958937,13.7486082557455,8.38262460126334,7,1,0,1,4.025796,0
"Q2",2013,"57",62,"Artemisia tripartita","N",27.195728609787,30.929534540213,1.01389623159086,7,1,0,3,0,1
"Q2",2013,"61",66,"Artemisia tripartita","N",671.161255904267,54.7632087289908,24.9003343225818,7,1,0,4,8.050493,0
"Q2",2013,"118",123,"Artemisia tripartita","N",2261.2748021952,73.7620796401344,68.8284032162379,7,1,0,8,0,0
"Q2",2014,"23",24,"Artemisia tripartita","N",1164.8993687654,71.0099374923346,84.6787182260951,8,1,0,8,0,0
"Q2",2014,"24",25,"Artemisia tripartita","N",115.659882782023,66.6118765843586,52.6347517886989,8,1,0,8,28.000552,0
"Q2",2014,"25",26,"Artemisia tripartita","N",389.395020963587,92.8828075710107,68.0173692847797,8,1,0,8,0,0
"Q2",2014,"32",34,"Artemisia tripartita","N",650.119744845595,54.8224598325844,26.3924653040706,8,1,0,4,9.129262,0
"Q2",2014,"33",35,"Artemisia tripartita","N",381.029786343143,68.6598477626512,13.6200125132857,8,1,0,6,0,0
"Q2",2014,"34",36,"Artemisia tripartita","N",86.653598368853,63.5997439073007,2.98502936981843,8,0,0,6,0,0
"Q2",2014,"35",37,"Artemisia tripartita","N",358.159821825584,89.2253328230611,33.6996601244533,8,1,0,8,0,0
"Q2",2014,"36",38,"Artemisia tripartita","N",214.832801625395,93.6706980080227,8.70943959159814,8,1,0,7,0,0
"Q2",2014,"62",64,"Artemisia tripartita","N",104.762292867897,25.0797606133121,3.95325579479132,8,1,0,3,0,0
"Q2",2014,"63",65,"Artemisia tripartita","N",68.555127601394,16.3422222987191,7.16671461759798,8,1,0,1,0,0
"Q2",2015,"23",25,"Artemisia tripartita","N",147.971750719352,43.8799589064055,14.5436719419616,9,0,0,4,3.548063,0
"Q2",2015,"24",26,"Artemisia tripartita","N",86.176684923638,61.2186909510454,2.56962683211868,9,0,0,6,0,0
"Q2",2015,"25",27,"Artemisia tripartita","N",130.73016506012,85.2247556081343,4.45925989541405,9,0,0,7,0,0
"Q2",2015,"26",28,"Artemisia tripartita","N",120.452331461668,95.5270031959701,15.8926203607884,9,0,0,7,0,0
"Q2",2015,"28",30,"Artemisia tripartita","N",379.523716203,90.3980052799704,36.876917913306,9,0,0,8,0,0
"Q2",2015,"29",31,"Artemisia tripartita","N",174.373056256051,91.4616769790815,70.1972810742577,9,0,0,8,0,0
"Q2",2015,"30",32,"Artemisia tripartita","N",1733.79124857296,63.2527789427857,84.991592026591,9,0,0,8,0,0
"Q2",2015,"31",33,"Artemisia tripartita","N",139.272873734621,65.6692447152709,52.7959411814482,9,0,0,8,25.765311,0
"Q2",2015,"39",41,"Artemisia tripartita","N",1161.19113362564,57.002411775887,29.8164069466415,9,0,0,4,10.661305,0
"Q2",2015,"40",42,"Artemisia tripartita","N",25.262323798275,9.13601747698899,11.3480714069683,9,0,0,1,5.389969,0
"Q2",2015,"41",43,"Artemisia tripartita","N",167.360909077125,17.1943523937535,5.95658686344015,9,0,0,3,0,0
"Q20",2007,"61",62,"Artemisia tripartita","N",346.656310838465,35.149570926426,69.4990417382513,1,1,0,1,18.209893,0
"Q20",2007,"62",63,"Artemisia tripartita","N",532.181760662282,75.6054442097185,74.8616477582671,1,1,0,2,7.154375,0
"Q20",2008,"72",73,"Artemisia tripartita","N",398.758507463196,35.6468803117242,73.8351305280726,2,1,0,1,12.910628,0
"Q20",2008,"73",74,"Artemisia tripartita","N",607.013820227425,78.8193660916223,77.2350306219534,2,1,0,2,4.94155600000001,0
"Q20",2009,"76",77,"Artemisia tripartita","N",66.194954989933,48.9822284189604,96.4180834887658,1,0,0,1,0,0
"Q20",2009,"77",78,"Artemisia tripartita","N",15.9988988201955,58.2820737685741,98.1079474445999,1,0,0,2,0.00830799999999954,1
"Q20",2009,"78",79,"Artemisia tripartita","N",577.010893802465,37.8863823522759,71.0936343176925,3,1,0,1,12.075521,0
"Q20",2009,"79",80,"Artemisia tripartita","N",589.302705619182,81.4204906784892,74.5468882832437,3,1,0,2,3.59193399999999,0
"Q20",2010,"82",83,"Artemisia tripartita","N",927.529685406567,37.5154423287203,72.3314584339918,4,1,0,1,9.487574,0
"Q20",2010,"83",84,"Artemisia tripartita","N",901.523529810746,83.0806931735295,77.8612647854862,4,1,0,2,0.0194989999999962,0
"Q20",2011,"83",84,"Artemisia tripartita","N",1018.33831383085,36.7819652324365,75.406141784836,5,1,0,1,0.455196000000001,0
"Q20",2011,"84",85,"Artemisia tripartita","N",1031.20262366734,81.1730965349465,77.2095756796635,5,1,0,2,0,0
"Q20",2012,"116",117,"Artemisia tripartita","N",1083.93403067698,37.8919382086919,74.1833148998177,6,1,0,1,6.808995,0
"Q20",2012,"117",118,"Artemisia tripartita","N",1185.32522928467,82.2732860930903,76.4743276282203,6,1,0,2,0,0
"Q20",2013,"110",111,"Artemisia tripartita","N",1162.07670709043,37.6215511397018,74.3555068735035,7,1,0,1,7.766102,0
"Q20",2013,"111",112,"Artemisia tripartita","N",136.385880809283,47.1562077472658,93.7889654588297,7,1,0,1,0,0
"Q20",2013,"112",113,"Artemisia tripartita","N",987.027840333174,80.345586070515,77.9074206616783,7,1,0,2,0,0
"Q20",2014,"86",90,"Artemisia tripartita","N",125.967389045913,45.6814287594667,96.1132703998824,8,1,0,1,0,0
"Q20",2014,"87",91,"Artemisia tripartita","N",1262.28394989405,40.855430281,73.6072224359689,8,1,0,1,4.45111700000001,0
"Q20",2014,"88",92,"Artemisia tripartita","N",1137.07406897022,82.0056712499567,77.5063525988337,8,1,0,2,0,0
"Q20",2015,"44",46,"Artemisia tripartita","N",53.847503286034,42.1557057932302,98.3328672590538,9,0,0,1,0,1
"Q20",2015,"45",47,"Artemisia tripartita","N",1422.64099422345,38.9980936894423,71.9642356390828,9,0,0,1,0.0568939999999998,0
"Q20",2015,"46",48,"Artemisia tripartita","N",1107.60395945278,82.3605000803794,77.7053683264214,9,0,0,2,0,0
"Q21",2014,"75",79,"Artemisia tripartita","N",3.31130455557349,97.9978998278056,99.3091489753611,1,1,0,1,0,1
"Q21",2015,"37",38,"Artemisia tripartita","N",49.0939867034461,95.785809666671,96.0229225755847,2,0,0,1,0,0
"Q23",2007,"34",35,"Artemisia tripartita","N",18.892000872228,1.44314925351292,73.1740371550041,1,0,0,1,0,1
"Q23",2007,"35",36,"Artemisia tripartita","N",36.9139609866085,6.07612642783027,57.1778450982864,1,1,0,1,1.660675,0
"Q23",2008,"72",73,"Artemisia tripartita","N",8.22989832001801,1.43760729727106,44.2770252909176,1,1,0,1,0,1
"Q23",2008,"73",74,"Artemisia tripartita","N",8.32584780192201,2.86170086769862,67.2095983859083,2,1,0,1,1.405596,1
"Q23",2008,"74",75,"Artemisia tripartita","N",34.5958847631075,7.50170599557253,55.2345710663875,2,1,0,1,2.594892,0
"Q23",2008,"75",76,"Artemisia tripartita","N",5.5973771161295,2.0766705206633,36.9088547078542,1,0,0,2,0.705482,1
"Q23",2009,"92",93,"Artemisia tripartita","N",24.870061554519,10.3896221831234,58.7585253538346,3,1,0,1,7.828793,0
"Q23",2009,"93",94,"Artemisia tripartita","N",30.230766840517,2.34058034630799,46.2337953971869,2,1,0,1,0,0
"Q23",2009,"94",95,"Artemisia tripartita","N",19.373767807915,4.77847386980377,68.4996884917282,3,1,0,1,1.966817,0
"Q23",2010,"109",110,"Artemisia tripartita","N",16.606338317716,3.85104913296875,68.9596499931575,4,1,0,1,1.522854,0
"Q23",2010,"110",111,"Artemisia tripartita","N",33.57385523892,8.83737472881345,56.684709698868,4,1,0,1,6.268168,0
"Q23",2010,"111",112,"Artemisia tripartita","N",36.916680871136,2.03463840167663,41.6869143008815,3,1,0,1,0,1
"Q23",2011,"115",116,"Artemisia tripartita","N",8.9319386511725,0.94218867689532,42.1428001098746,4,1,0,1,0,1
"Q23",2011,"116",117,"Artemisia tripartita","N",27.92484718915,11.0178042535585,55.1111894626432,5,1,0,1,8.716801,0
"Q23",2011,"117",118,"Artemisia tripartita","N",28.3196674085125,5.59225602951259,68.2114516994387,5,1,0,1,1.67887,0
"Q23",2012,"145",146,"Artemisia tripartita","N",25.843957264726,4.97876941227969,68.6282618684012,6,1,0,1,1.958078,0
"Q23",2012,"146",147,"Artemisia tripartita","N",47.8961988109305,11.4941637471725,56.899774382783,6,1,0,1,5.556419,0
"Q23",2012,"147",148,"Artemisia tripartita","N",34.177996449196,2.05616786875407,40.8358698884909,5,1,0,1,0,0
"Q23",2013,"181",182,"Artemisia tripartita","N",8.41805717416951,3.3845160270595,56.1548243069357,7,0,0,1,1.820538,0
"Q23",2013,"182",183,"Artemisia tripartita","N",24.315880329999,2.36519173868874,68.5520071533602,7,1,0,1,0,1
"Q23",2013,"333",336,"Artemisia tripartita","N",30.507900798075,2.00311234530448,38.6868290594919,6,1,0,1,0,1
"Q23",2014,"66",71,"Artemisia tripartita","N",63.8829666331065,2.9170623211813,40.1865740090748,7,1,0,1,0,0
"Q23",2014,"67",72,"Artemisia tripartita","N",38.0699229557435,2.91503925935318,70.7089615540721,8,0,0,1,0,0
"Q23",2015,"28",29,"Artemisia tripartita","N",44.775826217445,1.67246540978229,42.0808421330461,8,0,0,1,0,1
"Q24",2007,"36",37,"Artemisia tripartita","N",13.469329253592,0.9399579155573,73.0014632580967,1,1,0,1,0,1
"Q24",2007,"37",38,"Artemisia tripartita","N",22.1322830928345,1.45225799857848,35.7481572077724,1,1,0,1,0,1
"Q24",2007,"39",40,"Artemisia tripartita","N",149.459118734766,82.5644036153782,81.3702247494977,1,1,0,2,8.982851,0
"Q24",2007,"40",41,"Artemisia tripartita","N",300.612186959187,71.8488058585093,49.8463906758117,1,1,0,3,11.992348,0
"Q24",2007,"41",42,"Artemisia tripartita","N",95.5395066213916,93.0553790452511,26.7676944998583,1,1,0,4,1.495852,0
"Q24",2008,"27",28,"Artemisia tripartita","N",204.645896498216,89.2897859701548,26.3978176164711,2,1,0,4,2.35303999999999,0
"Q24",2008,"28",29,"Artemisia tripartita","N",273.126469376163,57.6243557656539,78.0184520412062,2,1,0,3,9.854454,0
"Q24",2008,"29",30,"Artemisia tripartita","N",211.116501457904,69.0249565406258,53.4414961187542,2,1,0,3,19.720186,0
"Q24",2008,"30",31,"Artemisia tripartita","N",252.702816070135,79.3297066101866,82.1365664224011,2,1,0,2,3.633387,0
"Q24",2008,"31",32,"Artemisia tripartita","N",37.6238739945295,2.43996730446623,75.940741011297,2,1,0,1,0,0
"Q24",2008,"32",33,"Artemisia tripartita","N",44.3622486926305,2.37937252114425,43.9627564143015,2,1,0,1,0,0
"Q24",2009,"39",40,"Artemisia tripartita","N",8.1419091887445,97.5959316943915,33.1365166235419,3,0,0,4,0,1
"Q24",2009,"40",41,"Artemisia tripartita","N",215.646143905028,86.4996185824299,28.2689890939486,3,1,0,4,4.62294300000001,0
"Q24",2009,"41",42,"Artemisia tripartita","N",140.350408260176,8.2735892702475,78.0562446649318,3,0,0,1,0,0
"Q24",2009,"42",43,"Artemisia tripartita","N",72.76643377842,2.67437837803132,46.6014694671607,3,0,0,1,0,0
"Q24",2009,"43",44,"Artemisia tripartita","N",235.260130486671,78.5971011853294,84.9589076082394,3,1,0,2,1.892641,0
"Q24",2009,"44",45,"Artemisia tripartita","N",297.085698577368,74.3568417658982,55.6483007104328,3,1,0,3,16.656895,0
"Q24",2009,"45",46,"Artemisia tripartita","N",155.736114981476,65.4715926034014,75.9719861066212,3,1,0,3,16.728665,0
"Q24",2009,"46",47,"Artemisia tripartita","N",188.79059865091,56.1681528926167,84.2254780485988,3,1,0,3,5.451846,0
"Q24",2010,"48",49,"Artemisia tripartita","N",298.067840560554,84.7595197014501,30.5985287916617,4,1,0,4,4.630015,0
"Q24",2010,"49",50,"Artemisia tripartita","N",324.42546202768,77.2834945849094,86.5435996492633,4,1,0,2,0,0
"Q24",2010,"50",51,"Artemisia tripartita","N",196.053610312234,55.7641485947897,90.7579056695468,4,1,0,3,0,0
"Q24",2010,"51",52,"Artemisia tripartita","N",172.130001444612,64.1626579506521,80.0394555737941,4,0,0,3,10.763387,0
"Q24",2010,"52",53,"Artemisia tripartita","N",294.805276716401,73.8141929295138,53.2741781280746,4,1,0,3,16.849039,0
"Q24",2011,"44",45,"Artemisia tripartita","N",539.304791534422,72.536992894534,57.8296367534473,5,1,0,3,13.009624,0
"Q24",2011,"46",47,"Artemisia tripartita","N",398.79846357908,85.485078453358,31.895352022759,5,1,0,4,2.320436,0
"Q24",2011,"47",48,"Artemisia tripartita","N",21.682182390054,80.7917633877896,97.5126609040777,5,0,0,2,0.0786850000000072,0
"Q24",2011,"48",49,"Artemisia tripartita","N",48.4389970633895,83.3141756286741,87.829529634598,5,0,0,2,7.6987,0
"Q24",2011,"49",50,"Artemisia tripartita","N",172.413614282945,87.0401603206484,73.1353008251254,5,1,0,2,6.02461,0
"Q24",2011,"50",51,"Artemisia tripartita","N",185.432438954008,52.8736181511232,87.8892378393569,5,1,0,3,1.348688,0
"Q24",2012,"63",64,"Artemisia tripartita","N",228.464450166881,73.4242054872949,34.8277847681302,6,1,0,4,16.157187,0
"Q24",2012,"65",66,"Artemisia tripartita","N",227.299654516185,5.81986123376713,79.492816909787,1,0,0,1,0,0
"Q24",2012,"66",67,"Artemisia tripartita","N",179.203811329032,49.3893732678704,88.9969239023901,6,0,0,3,0,0
"Q24",2012,"67",68,"Artemisia tripartita","N",72.090644579785,71.7547982622784,60.6364049558667,6,1,0,3,21.933936,0
"Q24",2012,"68",69,"Artemisia tripartita","N",170.022161552383,60.5389818981882,71.2801040524026,6,1,0,3,20.547084,0
"Q24",2012,"70",71,"Artemisia tripartita","N",372.232504751103,81.0710060552608,78.6735344555279,6,1,0,2,6.612334,0
"Q24",2013,"58",61,"Artemisia tripartita","N",282.762665043637,72.4741409820923,34.7483551420073,7,1,0,4,19.29611,0
"Q24",2013,"61",64,"Artemisia tripartita","N",332.943374599874,64.557843551706,75.2859316966418,7,0,0,3,12.356211,0
"Q24",2013,"62",65,"Artemisia tripartita","N",87.7717934806995,78.0031770404607,56.968648224562,7,0,0,3,14.639434,0
"Q24",2013,"63",66,"Artemisia tripartita","N",34.5556789730515,63.9333826782031,40.1591098733333,7,0,0,4,33.477805,0
"Q24",2013,"64",67,"Artemisia tripartita","N",383.155902701573,81.2672357376934,77.5890158279126,7,1,0,2,6.596085,0
"Q24",2014,"37",41,"Artemisia tripartita","N",1122.86999932365,77.5908286087277,73.8465247523699,8,1,0,2,1.28652299999999,0
"Q24",2014,"39",43,"Artemisia tripartita","N",415.713681438458,71.910717888846,36.3250229803955,8,1,0,4,17.55843,0
"Q24",2014,"40",44,"Artemisia tripartita","N",29.695842971226,96.5706092714402,27.9359464503074,1,1,0,2,0,0
"Q24",2015,"27",28,"Artemisia tripartita","N",19.3481172002455,1.03960685131516,40.0728764135871,1,0,0,3,0,1
"Q24",2015,"29",30,"Artemisia tripartita","N",124.123231905176,93.5141471687934,26.3884941793883,2,0,0,2,0,0
"Q24",2015,"30",31,"Artemisia tripartita","N",67.2197573446,68.2628560099805,30.5041091109151,9,0,0,4,24.253296,0
"Q24",2015,"31",32,"Artemisia tripartita","N",149.0901556174,74.1820637609753,46.4680635937235,9,0,0,4,15.852759,0
"Q24",2015,"33",34,"Artemisia tripartita","N",212.127121737038,61.2592347994912,69.2969932278436,9,0,0,2,22.467997,0
"Q24",2015,"34",35,"Artemisia tripartita","N",381.667377609729,84.4322417660745,83.3578458763904,9,0,0,2,1.16899599999999,0
"Q25",2007,"5",6,"Artemisia tripartita","N",687.878327161206,6.84351875756195,37.4586256190963,1,1,0,1,0,0
"Q25",2007,"8",9,"Artemisia tripartita","N",23.920895437469,55.627620287319,1.33301789783574,1,0,0,2,0,1
"Q25",2007,"9",10,"Artemisia tripartita","N",2763.74856451851,54.6728828735638,25.868311340378,1,1,0,3,0,0
"Q25",2008,"2",3,"Artemisia tripartita","N",2466.86202226344,80.8175171279527,29.7757808924767,2,1,0,3,0,0
"Q25",2008,"3",4,"Artemisia tripartita","N",755.712070774424,41.3770922072596,25.8605670662961,2,1,0,3,3.340668,0
"Q25",2008,"4",5,"Artemisia tripartita","N",199.29337995779,21.6861692744075,12.978388104603,2,0,0,1,0.939667,0
"Q25",2008,"5",6,"Artemisia tripartita","N",913.257111680259,18.9753598514512,55.0557855007223,2,1,0,3,0.285773,0
"Q25",2008,"6",7,"Artemisia tripartita","N",165.947104055364,8.09919178230898,31.3543396476644,2,0,0,1,0,0
"Q25",2009,"2",3,"Artemisia tripartita","N",33.0105671301075,95.8354437027325,19.3035497969405,3,0,0,3,0.0974520000000041,0
"Q25",2009,"3",4,"Artemisia tripartita","N",274.93868294138,81.3978534230411,11.9013946222275,3,1,0,3,2.373344,0
"Q25",2009,"4",5,"Artemisia tripartita","N",495.398907098394,91.6079845090842,52.8471901753721,3,1,0,3,0,0
"Q25",2009,"5",6,"Artemisia tripartita","N",379.608131344495,69.7122171211674,44.0963650414387,3,0,0,3,18.294084,0
"Q25",2009,"6",7,"Artemisia tripartita","N",805.905137659396,37.7743529114341,23.3248689589808,3,1,0,3,0,0
"Q25",2009,"7",8,"Artemisia tripartita","N",645.029833435041,17.5638268179911,49.1694307832576,3,1,0,3,0,0
"Q25",2010,"9",10,"Artemisia tripartita","N",314.164109640095,30.237809858602,64.8002531746029,4,0,0,3,15.435607,0
"Q25",2010,"10",11,"Artemisia tripartita","N",1928.051289028,32.9228756912355,28.6812112204147,4,1,0,3,0,0
"Q25",2010,"11",12,"Artemisia tripartita","N",482.940256406285,89.7185134023391,14.4958240324761,4,1,0,3,0,0
"Q25",2010,"12",13,"Artemisia tripartita","N",1263.3808459844,82.5640221867011,50.3284863607547,4,1,0,3,0,0
"Q25",2011,"6",7,"Artemisia tripartita","N",176.442792994485,88.2826051321304,53.2030857854845,5,1,0,3,3.603748,0
"Q25",2011,"7",8,"Artemisia tripartita","N",133.487613275887,75.4979417412255,47.5054291623287,5,0,0,3,19.320028,0
"Q25",2011,"8",9,"Artemisia tripartita","N",71.6365939675215,97.3960975598811,32.7933559689571,5,0,0,3,0,0
"Q25",2011,"9",10,"Artemisia tripartita","N",173.263340935503,95.1183780129585,12.5570298675539,5,1,0,3,0,0
"Q25",2011,"11",12,"Artemisia tripartita","N",2.144639283304,0.55272595531017,0.88501410235206,1,0,0,1,0,1
"Q25",2011,"12",13,"Artemisia tripartita","N",65.7455403049875,9.1551860575863,8.20194572835227,5,1,1,3,0.541646,0
"Q25",2011,"13",14,"Artemisia tripartita","N",205.519962227813,5.1590803466624,35.0187469683413,5,1,0,3,0,0
"Q25",2012,"11",12,"Artemisia tripartita","N",1178.97274321809,85.6902650976716,64.796734708121,6,1,0,3,0,0
"Q25",2012,"14",15,"Artemisia tripartita","N",117.978826095914,3.68214013928833,41.3766654327128,6,1,0,3,0,0
"Q25",2012,"15",16,"Artemisia tripartita","N",142.020748632189,9.33815916850387,9.95379089117949,6,1,0,3,0,0
"Q25",2012,"18",19,"Artemisia tripartita","N",38.865693682715,78.8595358915932,21.1634917410237,6,0,1,3,16.757421,0
"Q25",2012,"19",20,"Artemisia tripartita","N",337.321938381911,94.9172435983093,23.2288251794422,6,0,0,3,0,0
"Q25",2013,"8",9,"Artemisia tripartita","N",72.724792713372,8.96104945794052,13.3510891468317,7,0,0,3,2.748319,0
"Q25",2013,"9",10,"Artemisia tripartita","N",118.847197663194,3.72990025063944,32.5118952846705,7,1,0,3,0,0
"Q25",2013,"12",13,"Artemisia tripartita","N",1650.90157206516,86.8188216037174,51.1665804312431,7,1,0,3,0,0
"Q25",2013,"16",17,"Artemisia tripartita","N",248.011258900688,4.45384044011272,78.3251270917465,1,0,0,2,0,0
"Q25",2014,"5",6,"Artemisia tripartita","N",220.267375224998,3.22152472790258,34.5776549329218,8,1,0,3,0,0
"Q25",2014,"11",12,"Artemisia tripartita","N",49.732575246699,79.8598732092835,16.6434972839162,8,0,0,3,11.979619,0
"Q25",2014,"12",13,"Artemisia tripartita","N",183.939336987626,96.199339680752,26.0752304246239,8,0,0,3,0,0
"Q25",2014,"13",14,"Artemisia tripartita","N",1017.62133507665,82.6545382066887,57.6454214513795,8,1,0,3,0,0
"Q25",2015,"5",6,"Artemisia tripartita","N",1398.87875798916,81.5403481292131,48.8443884841779,9,0,0,3,0,0
"Q25",2015,"13",14,"Artemisia tripartita","N",43.963738561724,10.5035007033489,8.41734225380699,9,0,0,3,4.712164,0
"Q25",2015,"14",15,"Artemisia tripartita","N",7.804417825435,0.63809644901838,9.20080449486551,9,0,0,3,0,1
"Q25",2015,"15",16,"Artemisia tripartita","N",105.274906548454,7.87130902434829,33.086079535383,9,0,0,3,0,0
"Q26",2007,"23",24,"Artemisia tripartita","N",124.545020507074,97.0766989747107,62.812926106546,1,1,0,1,0,0
"Q26",2007,"24",25,"Artemisia tripartita","N",1952.18692099156,38.08232562877,51.2798368816889,1,1,0,2,10.224354,0
"Q26",2007,"25",26,"Artemisia tripartita","N",105.215959299453,40.2997934194678,4.51427584575837,1,1,0,3,0,0
"Q26",2008,"24",25,"Artemisia tripartita","N",1132.79343735134,53.7329022660666,69.3290170443879,2,1,0,2,0.473040999999995,0
"Q26",2008,"25",26,"Artemisia tripartita","N",184.922449797644,29.2232169230806,58.920707772714,2,1,0,2,20.000675,0
"Q26",2008,"26",27,"Artemisia tripartita","N",1140.66635301741,33.3035270377678,31.1285831298286,2,1,0,2,5.642419,0
"Q26",2008,"27",28,"Artemisia tripartita","N",252.853532671608,41.3276349353764,5.3994670472153,2,1,0,3,0,0
"Q26",2008,"28",29,"Artemisia tripartita","N",307.961782066661,93.6788847450377,61.3464639581578,2,1,0,1,0,0
"Q26",2009,"23",24,"Artemisia tripartita","N",613.672565971105,55.2314010361979,75.1853130023874,3,0,0,2,0.335723000000002,0
"Q26",2009,"24",25,"Artemisia tripartita","N",217.11781300192,31.6230203268765,62.7551278772922,3,0,0,2,22.987093,0
"Q26",2009,"25",26,"Artemisia tripartita","N",854.837457930789,44.3370553622415,24.3112968631939,3,1,0,2,8.43074,0
"Q26",2009,"26",27,"Artemisia tripartita","N",318.494876740464,18.4425494700493,40.2393500318915,3,0,0,2,9.35985,0
"Q26",2009,"27",28,"Artemisia tripartita","N",234.237273349168,47.2740743003057,64.2421568507967,3,0,0,2,24.01585,0
"Q26",2009,"28",29,"Artemisia tripartita","N",199.770874832626,39.8249173282166,5.13213694422294,3,1,0,3,0.136006,0
"Q26",2009,"29",30,"Artemisia tripartita","N",61.479373239114,94.7013409810058,57.5057200754826,3,1,0,1,0,0
"Q26",2010,"25",26,"Artemisia tripartita","N",205.139966798906,94.2110401346126,63.0238840032154,4,1,0,1,0,0
"Q26",2010,"26",27,"Artemisia tripartita","N",308.276386868056,46.5903260375531,5.84296056444658,4,0,0,3,0,0
"Q26",2010,"27",28,"Artemisia tripartita","N",4146.3014680018,45.2603834059163,51.2715214206997,4,1,0,2,2.127335,0
"Q26",2011,"43",44,"Artemisia tripartita","N",3486.41509381386,48.3963320838421,56.9371676914141,5,1,0,2,0,0
"Q26",2011,"44",45,"Artemisia tripartita","N",388.670494879026,47.0157748716377,8.79736571944348,5,1,0,2,0,0
"Q26",2011,"45",46,"Artemisia tripartita","N",57.042240137769,97.4807777802062,52.5102615144644,5,1,0,1,0,0
"Q26",2011,"46",47,"Artemisia tripartita","N",0.572790221495,99.8277556218901,68.5129448085876,5,0,0,1,0.00743900000000508,1
"Q26",2012,"50",51,"Artemisia tripartita","N",296.711407333691,48.8001754188331,8.34663004857912,6,1,0,2,0,0
"Q26",2012,"52",53,"Artemisia tripartita","N",1562.16490915332,41.8860317293493,38.465908186667,6,1,0,2,8.526161,0
"Q26",2012,"53",54,"Artemisia tripartita","N",1719.23245232714,56.3682949231113,71.9052860613827,6,1,0,2,0,0
"Q26",2012,"54",55,"Artemisia tripartita","N",136.384049408276,97.4291510348025,72.5148062140517,6,1,0,1,0,0
"Q26",2013,"60",64,"Artemisia tripartita","N",27.583467721251,25.8167043854308,75.6310329304166,7,0,0,2,21.765688,0
"Q26",2013,"61",65,"Artemisia tripartita","N",1268.68753755051,52.7864820204146,69.704841626736,7,1,0,2,5.45302199999999,0
"Q26",2013,"62",68,"Artemisia tripartita","N",3.308664078756,14.346783748034,75.5288791262146,1,0,0,1,13.422663,0
"Q26",2013,"123",129,"Artemisia tripartita","N",665.701547468529,30.6909518682601,52.4951682563726,7,1,0,2,12.739886,0
"Q26",2013,"127",133,"Artemisia tripartita","N",48.074536958949,98.4164298573058,77.1666176290211,7,1,0,1,0,0
"Q26",2013,"128",134,"Artemisia tripartita","N",126.242210203372,51.5367598623972,3.95332088227795,7,1,0,2,0,0
"Q26",2013,"129",135,"Artemisia tripartita","N",609.26682638046,65.4558365709242,23.687770664926,7,1,0,2,5.097114,0
"Q26",2014,"33",34,"Artemisia tripartita","N",93.913386907365,29.3237459862467,58.2417443897267,8,0,0,2,19.782652,0
"Q26",2014,"34",35,"Artemisia tripartita","N",106.965282340332,19.2411484328199,42.7089311673501,8,0,0,2,14.292536,0
"Q26",2014,"35",36,"Artemisia tripartita","N",238.777008586199,33.8277536902191,40.1429459222755,8,1,0,2,24.942037,0
"Q26",2014,"36",37,"Artemisia tripartita","N",3.326967997162,38.2351225898014,5.36953267353384,8,0,0,2,4.260229,0
"Q26",2014,"37",38,"Artemisia tripartita","N",28.753019464251,44.5465541746385,2.4444973842057,8,1,0,2,0,0
"Q26",2014,"38",39,"Artemisia tripartita","N",35.07450222284,51.3979269085963,9.98968751628103,8,0,0,2,6.244608,0
"Q26",2014,"39",40,"Artemisia tripartita","N",301.990838493277,61.8021775162997,18.7306053275925,8,1,0,2,0,0
"Q26",2014,"40",41,"Artemisia tripartita","N",1139.01955223415,49.9525206308895,66.92415715965,8,1,0,2,11.734395,0
"Q26",2014,"41",42,"Artemisia tripartita","N",46.469467756955,98.1801148288274,60.4930900337502,8,0,0,1,0,0
"Q26",2015,"36",37,"Artemisia tripartita","N",545.723004586231,38.3030007726294,38.5533525792605,9,0,0,2,23.001844,0
"Q26",2015,"37",38,"Artemisia tripartita","N",304.533915555595,53.3610124517782,11.6976747898225,9,0,0,2,0,0
"Q26",2015,"38",39,"Artemisia tripartita","N",42.101702580271,37.8262143672574,2.8858342895599,9,0,0,2,0,0
"Q26",2015,"95",96,"Artemisia tripartita","N",1323.21152437255,50.7013760125533,68.3166077344913,9,0,0,2,10.242154,0
"Q3",2007,"17",19,"Artemisia tripartita","N",649.591762144692,36.2059297323132,86.4050586717577,1,1,0,1,0,0
"Q3",2007,"20",22,"Artemisia tripartita","N",87.763230745057,72.97460779965,20.8736821993264,1,0,0,1,16.70499,0
"Q3",2007,"21",23,"Artemisia tripartita","N",913.381299388116,44.3555341996587,10.2712300299467,1,1,0,3,0,0
"Q3",2007,"22",24,"Artemisia tripartita","N",1387.57733991147,14.3139109546463,47.4769552797532,1,1,0,3,0,0
"Q3",2007,"23",25,"Artemisia tripartita","N",1684.47948243562,79.2233278062015,80.6855663561901,1,1,0,3,0,0
"Q3",2008,"15",16,"Artemisia tripartita","N",719.796203570551,34.7821302514298,86.5691815417233,2,0,0,1,0,0
"Q3",2008,"16",17,"Artemisia tripartita","N",1343.28605818256,81.0448312254622,83.8730048865687,2,1,0,3,0,0
"Q3",2008,"17",18,"Artemisia tripartita","N",703.593342717177,14.638732288322,62.0037911987478,2,0,0,3,0,0
"Q3",2008,"18",19,"Artemisia tripartita","N",510.890057930825,16.1695348601396,30.8786350694387,2,0,0,3,0,0
"Q3",2008,"19",20,"Artemisia tripartita","N",1526.06647979786,46.0097297045418,15.6546314880288,2,1,0,3,0,0
"Q3",2009,"21",22,"Artemisia tripartita","N",2244.09618206241,61.9174932870509,84.5055015735377,3,1,0,3,0,0
"Q3",2009,"22",23,"Artemisia tripartita","N",3287.62903499139,30.356162134852,30.2074752053991,3,1,0,3,0,0
"Q3",2010,"35",36,"Artemisia tripartita","N",278.93425441785,52.0490127589217,68.0885605716557,4,0,0,3,22.150171,0
"Q3",2010,"36",37,"Artemisia tripartita","N",531.170947745336,32.1988109621736,91.2604610204806,4,1,0,3,0,0
"Q3",2010,"37",38,"Artemisia tripartita","N",1251.50824381695,77.8399705524871,87.1034842093026,4,1,0,3,0,0
"Q3",2010,"38",39,"Artemisia tripartita","N",47.341761055645,2.2533032309802,15.9895117950331,4,0,0,3,0,0
"Q3",2010,"39",40,"Artemisia tripartita","N",1477.36867734713,44.7892412067986,13.3209597275346,4,1,0,3,0,0
"Q3",2010,"40",41,"Artemisia tripartita","N",599.641359662284,15.3636921620079,29.8833043555007,4,0,0,3,0,0
"Q3",2011,"38",39,"Artemisia tripartita","N",1275.44957806132,77.4538984047613,86.3346409913976,5,1,0,3,0,0
"Q3",2011,"39",40,"Artemisia tripartita","N",998.450893439151,47.8980392175584,82.9891707434311,5,1,0,3,0,0
"Q3",2011,"42",43,"Artemisia tripartita","N",2186.91860332759,37.7472032752192,18.3803965896431,5,1,0,3,0,0
"Q3",2012,"31",32,"Artemisia tripartita","N",1240.74527796135,76.6597094214529,86.9408084322573,6,1,0,3,0,0
"Q3",2012,"32",33,"Artemisia tripartita","N",823.346472342358,43.7227259820303,84.06094233246,6,1,0,3,0,0
"Q3",2012,"34",35,"Artemisia tripartita","N",2722.46068420699,34.0390305513687,19.9669768350641,6,1,0,3,0,0
"Q3",2013,"72",79,"Artemisia tripartita","N",1808.15384356103,32.577013194095,25.0351889320794,7,1,0,3,0,0
"Q3",2013,"74",81,"Artemisia tripartita","N",1182.38344693155,42.5174821927342,80.737108422621,7,1,0,3,0,0
"Q3",2013,"75",82,"Artemisia tripartita","N",1389.9447878704,76.8043892398806,85.7323344663625,7,1,0,3,0,0
"Q3",2013,"76",83,"Artemisia tripartita","N",21.50082140079,50.4829040420227,98.3306311964923,7,0,0,3,0,1
"Q3",2014,"14",15,"Artemisia tripartita","N",2177.00810475202,31.6184668403214,23.1877813047535,8,1,0,3,0,0
"Q3",2014,"20",21,"Artemisia tripartita","N",977.577422322748,77.7749615581233,89.4189755357012,8,1,0,3,0,0
"Q3",2014,"21",22,"Artemisia tripartita","N",836.851516965569,42.5143495758515,82.3901094039153,8,1,0,3,0,0
"Q3",2015,"20",21,"Artemisia tripartita","N",842.342275246463,42.6197675942284,82.5455004095286,9,0,0,3,0,0
"Q3",2015,"21",22,"Artemisia tripartita","N",1062.70886366512,77.9324458015573,86.2456581143766,9,0,0,3,0,0
"Q3",2015,"33",34,"Artemisia tripartita","N",1342.4623789292,19.1584435103009,26.1904000238179,9,0,0,3,0,0
"Q3",2015,"35",36,"Artemisia tripartita","N",509.077967910183,57.1492100524381,16.0411687913176,9,0,0,3,1.947565,0
"Q31",2011,"12",13,"Artemisia tripartita","N",76.088453579674,9.65083637190494,19.5027738420621,1,1,0,1,2.52663,0
"Q31",2011,"13",14,"Artemisia tripartita","N",46.363506680159,2.09091990006068,32.3391755687388,1,0,0,1,0,1
"Q31",2011,"16",17,"Artemisia tripartita","N",31.860856158014,90.0065898305295,32.170989836295,1,0,0,2,2.950785,0
"Q31",2011,"17",18,"Artemisia tripartita","N",1464.95157838744,82.5259643746006,51.8980326731869,1,1,0,3,0,0
"Q31",2011,"18",19,"Artemisia tripartita","N",433.534042810061,66.8563891587669,82.8194082324013,1,1,0,4,4.262331,0
"Q31",2011,"19",20,"Artemisia tripartita","N",483.046727543846,78.5902463485737,88.2713080259096,1,1,0,5,0,0
"Q31",2012,"20",21,"Artemisia tripartita","N",182.562303577679,7.02167776712665,23.5461654285315,2,1,0,1,0,0
"Q31",2012,"21",22,"Artemisia tripartita","N",60.323688381232,91.4918573260224,33.2074240575921,2,1,0,3,0,0
"Q31",2012,"27",28,"Artemisia tripartita","N",14.151797127499,19.0536314375107,76.0143400711101,1,1,0,1,16.648089,0
"Q31",2012,"29",30,"Artemisia tripartita","N",1435.64995615565,81.3370328659416,57.5619585516739,2,1,0,3,0,0
"Q31",2012,"30",31,"Artemisia tripartita","N",539.326583098378,73.0174620709906,92.3302867246646,2,1,0,5,0,0
"Q31",2012,"31",32,"Artemisia tripartita","N",266.218082072899,59.674274682109,86.687386662072,2,0,0,4,0,0
"Q31",2013,"14",15,"Artemisia tripartita","N",14.472008881793,0.84236309174583,34.577802862295,3,0,0,1,0,1
"Q31",2013,"15",16,"Artemisia tripartita","N",203.697886072608,11.3295594363288,16.5483121827864,3,1,0,1,0.38096,0
"Q31",2013,"20",21,"Artemisia tripartita","N",60.236987211188,92.8812794361363,29.8784615226665,3,0,0,3,0,0
"Q31",2013,"21",22,"Artemisia tripartita","N",1421.57789456236,79.7420243108087,58.0325068971443,3,1,0,3,0,0
"Q31",2013,"22",23,"Artemisia tripartita","N",628.797061955381,71.9628892249801,87.9336706350743,3,1,0,5,0.0506579999999985,0
"Q31",2013,"23",24,"Artemisia tripartita","N",118.211829357135,40.1366556013113,96.5639842097742,3,0,0,5,0,0
"Q31",2013,"24",25,"Artemisia tripartita","N",192.674473304546,80.6194990452153,93.7327813213279,3,0,0,5,0,0
"Q31",2013,"26",27,"Artemisia tripartita","N",33.119963998088,18.6963844098949,75.5800752404795,2,0,0,1,13.874737,0
"Q31",2014,"12",13,"Artemisia tripartita","N",1301.2018944715,84.7905177948607,59.9200768963709,4,1,0,3,0,0
"Q31",2014,"13",14,"Artemisia tripartita","N",111.207685936074,49.9425513012538,78.477957408493,4,0,0,5,11.946082,0
"Q31",2014,"14",15,"Artemisia tripartita","N",51.499090021921,60.1234443221366,94.9923260587519,4,0,0,5,1.44417300000001,0
"Q31",2014,"15",16,"Artemisia tripartita","N",106.552350279305,67.0277402404709,82.9635964040189,4,0,0,5,8.365886,0
"Q31",2014,"16",17,"Artemisia tripartita","N",407.674294176739,82.3550442099712,90.0392004794937,4,1,0,5,0,0
"Q31",2015,"5",6,"Artemisia tripartita","N",391.172267023132,6.62743545643002,19.3477128207135,5,0,1,1,0,0
"Q31",2015,"8",9,"Artemisia tripartita","N",1308.56708581976,83.584875694416,56.2218687508606,5,0,0,3,0,0
"Q31",2015,"10",11,"Artemisia tripartita","N",1010.70740995473,71.2360802766049,88.8007700038875,5,0,0,5,0,0
"Q32",2011,"25",26,"Artemisia tripartita","N",1570.32480966087,13.7445358448689,71.0074892837612,1,1,0,1,0,0
"Q32",2011,"30",31,"Artemisia tripartita","N",544.056772427838,67.6804999454579,42.9480505018054,1,1,0,2,18.533723,0
"Q32",2012,"27",28,"Artemisia tripartita","N",123.098509180898,79.4672639121451,35.0814870503517,2,0,0,2,14.867819,0
"Q32",2012,"28",29,"Artemisia tripartita","N",524.616242250153,64.9408559526442,42.0932597890508,2,1,0,2,21.211218,0
"Q32",2012,"31",32,"Artemisia tripartita","N",1806.23359654648,16.379593435407,62.2091127708906,2,1,0,1,0,0
"Q32",2013,"25",26,"Artemisia tripartita","N",1698.62189988128,15.3463729359054,68.155015552969,3,1,0,1,0,0
"Q32",2013,"26",27,"Artemisia tripartita","N",843.191646498732,70.8478390419808,41.5736824872423,3,1,0,2,10.865123,0
"Q32",2014,"17",20,"Artemisia tripartita","N",843.179127067769,68.1507189832838,43.4835578502151,4,1,0,2,12.317292,0
"Q32",2014,"18",21,"Artemisia tripartita","N",1358.45171620493,15.9912484683899,66.7290259196138,4,1,0,1,0,0
"Q32",2015,"34",35,"Artemisia tripartita","N",1230.86306155121,16.6634000080691,64.4110690719393,5,0,0,1,0,0
"Q32",2015,"44",45,"Artemisia tripartita","N",743.017331911454,66.722973762306,37.2861578580569,5,0,0,2,17.415884,0
"Q33",2011,"57",58,"Artemisia tripartita","N",1332.54156664558,84.8858805833967,76.9530742301162,1,1,0,1,0,0
"Q33",2011,"59",60,"Artemisia tripartita","N",1307.47301277034,44.5977169184362,74.866952635828,1,1,0,2,8.214821,0
"Q33",2011,"60",61,"Artemisia tripartita","N",2254.84186788151,53.4392189360145,41.1339836519364,1,1,0,3,6.886833,0
"Q33",2012,"57",58,"Artemisia tripartita","N",2022.17576867221,48.1019593365078,39.2765535970034,2,1,0,3,7.393521,0
"Q33",2012,"58",59,"Artemisia tripartita","N",1309.14555058464,41.5586142465873,72.4609063196402,2,1,0,2,4.480209,0
"Q33",2012,"59",60,"Artemisia tripartita","N",1110.70574662594,83.7115526101912,76.1901130773835,2,1,0,1,0,0
"Q33",2012,"60",61,"Artemisia tripartita","N",165.630441588821,88.9354322233495,95.9660317417469,2,0,0,1,0,0
"Q33",2013,"43",46,"Artemisia tripartita","N",223.15622388416,91.9879086892237,93.7832807892148,3,0,0,1,0,0
"Q33",2013,"158",162,"Artemisia tripartita","N",1153.12199878384,84.8064209876215,82.5135633735798,3,1,0,1,0,0
"Q33",2013,"159",163,"Artemisia tripartita","N",1238.94187908895,41.8267115996061,74.3007783489717,3,1,0,2,7.41427999999999,0
"Q33",2013,"160",164,"Artemisia tripartita","N",2792.57877611716,51.0344269544332,37.5052920267584,3,1,0,3,7.221844,0
"Q33",2014,"18",19,"Artemisia tripartita","N",3221.73184643258,51.7983537392955,38.5456321772312,4,1,0,3,4.830562,0
"Q33",2014,"19",20,"Artemisia tripartita","N",1079.18108857399,29.6515236834901,72.3917203269474,4,0,0,2,3.00724799999999,0
"Q33",2014,"20",21,"Artemisia tripartita","N",531.996688024422,60.8294366297665,71.2948022858869,4,0,0,2,8.419709,0
"Q33",2014,"21",22,"Artemisia tripartita","N",51.56859986369,97.1967013618254,86.5914206660527,4,0,0,1,0,0
"Q33",2014,"22",23,"Artemisia tripartita","N",102.514049255311,84.5664230799115,97.4442135951381,4,0,0,1,0,0
"Q33",2014,"23",24,"Artemisia tripartita","N",1273.49486631696,82.6225639664314,76.0110248559155,4,1,0,1,0,0
"Q33",2015,"31",34,"Artemisia tripartita","N",4335.06058770764,45.0209453425614,48.4603955556178,5,0,0,3,0,0
"Q33",2015,"32",35,"Artemisia tripartita","N",1295.22349800648,82.0651377973725,78.633103363839,5,0,0,1,0,0
"Q33",2015,"33",36,"Artemisia tripartita","N",20.713359778855,53.2580486761625,98.4973296548704,1,0,0,1,0,1
"Q39",2011,"68",69,"Artemisia tripartita","N",5676.64128165969,63.1546418581256,49.5792093428291,1,1,0,1,0,0
"Q39",2012,"72",73,"Artemisia tripartita","N",5632.44188955272,59.9566239466528,53.4830109143777,2,1,0,1,0,0
"Q39",2013,"44",45,"Artemisia tripartita","N",5892.734121107,57.0412491740569,52.1360749067157,3,1,0,1,0,0
"Q39",2014,"16",17,"Artemisia tripartita","N",3972.33396024355,59.9489067943279,55.2774915221284,4,1,0,1,0,0
"Q39",2015,"9",10,"Artemisia tripartita","N",2218.72580830869,58.6205827736413,55.3385790088418,5,0,0,1,0,0
"Q39",2015,"16",17,"Artemisia tripartita","N",49.619940610034,13.3014061609714,32.9729474414162,5,0,0,1,9.527716,0
"Q4",2007,"27",28,"Artemisia tripartita","N",2338.07455745654,45.9840253417084,66.1842120767284,1,1,0,1,3.813862,0
"Q4",2007,"28",29,"Artemisia tripartita","N",49.833663831295,67.7629605786902,14.3892830116298,1,1,0,2,10.247559,0
"Q4",2007,"29",30,"Artemisia tripartita","N",60.777553545328,95.5394123299978,8.35640061579661,1,1,0,3,0,0
"Q4",2007,"30",31,"Artemisia tripartita","N",54.86643822872,98.4940864693049,81.0699410861042,1,1,0,4,0,1
"Q4",2008,"34",35,"Artemisia tripartita","N",2675.60182888877,46.1737831052302,70.0536943160614,2,1,0,1,0,0
"Q4",2008,"35",36,"Artemisia tripartita","N",217.602051813832,95.6680761195025,61.2674672615694,2,1,0,4,0,0
"Q4",2008,"36",37,"Artemisia tripartita","N",97.2360455374,95.1829868528723,6.45856314302906,2,1,0,3,0,0
"Q4",2008,"37",38,"Artemisia tripartita","N",163.816743942838,66.7067772993207,12.8930942377491,2,1,0,2,4.06799,0
"Q4",2009,"52",53,"Artemisia tripartita","N",94.41621444296,94.2716616690488,74.6572742014268,3,1,0,4,0,0
"Q4",2009,"53",54,"Artemisia tripartita","N",146.934737102872,94.7379001576058,8.50770047796548,3,1,0,3,0,0
"Q4",2009,"54",55,"Artemisia tripartita","N",274.378173886843,67.5635056539598,10.8961729568648,3,1,0,2,0,0
"Q4",2009,"56",57,"Artemisia tripartita","N",2978.5787962548,50.8209818422923,67.681267349416,3,1,0,1,0.451721000000006,0
"Q4",2010,"101",102,"Artemisia tripartita","N",131.970765985773,95.5212084501877,78.0880583300526,4,0,0,4,0,0
"Q4",2010,"102",103,"Artemisia tripartita","N",183.05606772928,94.2450043058361,9.3482416126172,4,1,0,3,0,0
"Q4",2010,"103",104,"Artemisia tripartita","N",355.476101264674,69.4106330926733,9.89933524281988,4,1,0,2,0,0
"Q4",2010,"104",105,"Artemisia tripartita","N",2559.42185722298,49.9401892544709,70.9682804166485,4,1,0,1,0,0
"Q4",2011,"68",69,"Artemisia tripartita","N",307.88087238748,66.6007534289838,8.35329817972939,5,1,0,2,0,0
"Q4",2011,"69",70,"Artemisia tripartita","N",228.639353588976,92.3147672775467,7.00972060732388,5,1,0,3,0,0
"Q4",2011,"70",71,"Artemisia tripartita","N",2349.84562714838,47.6876868641676,71.3923848147767,5,1,0,1,0,0
"Q4",2012,"96",97,"Artemisia tripartita","N",203.777882245073,93.9683843584323,12.2994888635595,6,1,0,3,0,0
"Q4",2012,"97",98,"Artemisia tripartita","N",58.606684592339,75.8507873996039,3.03722150203446,6,0,0,2,0,0
"Q4",2012,"98",99,"Artemisia tripartita","N",386.80276076864,65.5364078610967,11.8977228942215,6,1,0,2,0.543209,0
"Q4",2012,"101",102,"Artemisia tripartita","N",1921.52153415144,47.7582823513632,72.7092092928855,6,1,0,1,0,0
"Q4",2013,"67",70,"Artemisia tripartita","N",49.518336308244,3.30508121304005,96.1376126370787,1,1,0,1,0,0
"Q4",2013,"68",71,"Artemisia tripartita","N",1985.10435366807,47.8157730166567,71.9784900643142,7,1,0,1,0,0
"Q4",2013,"74",77,"Artemisia tripartita","N",286.378911068547,68.3312353517096,10.2440553413091,7,1,0,2,0,0
"Q4",2013,"75",78,"Artemisia tripartita","N",199.042231967169,94.1830414827789,12.3229937365707,7,1,0,3,0,0
"Q4",2014,"31",34,"Artemisia tripartita","N",1373.42143650301,49.2523565998201,80.2366926433467,8,1,0,1,0,0
"Q4",2014,"33",36,"Artemisia tripartita","N",107.028318071791,23.74839345623,63.7461685331944,8,1,0,1,17.581939,0
"Q4",2014,"38",41,"Artemisia tripartita","N",345.478824937813,63.9604670455001,9.40944143046888,8,1,0,2,0,0
"Q4",2014,"39",42,"Artemisia tripartita","N",328.062531085753,91.7716163418347,11.2975216742091,8,1,0,3,0,0
"Q4",2015,"30",32,"Artemisia tripartita","N",276.398716168599,93.4770685261886,10.3330122494922,9,0,0,3,0,0
"Q4",2015,"31",33,"Artemisia tripartita","N",359.744161194553,63.8128637753713,9.4401156298477,9,0,0,2,0,0
"Q4",2015,"34",36,"Artemisia tripartita","N",95.115018397653,28.9241191423018,51.4839195441231,9,0,0,1,21.589089,0
"Q4",2015,"35",37,"Artemisia tripartita","N",37.444155123033,55.4637454550481,52.9830463327363,9,0,0,1,40.628335,0
"Q4",2015,"36",38,"Artemisia tripartita","N",1439.37810959146,48.8321599862066,77.5071036623479,9,0,0,1,0,0
"Q4",2015,"41",43,"Artemisia tripartita","N",56.939481897369,2.62919683733223,93.6324603874505,3,0,1,1,0,0
"Q40",2011,"28",29,"Artemisia tripartita","N",1378.40776142031,46.038582241786,41.2367686198161,1,1,0,1,16.974772,0
"Q40",2011,"36",37,"Artemisia tripartita","N",126.471083495,8.42664564751836,3.08282006044262,1,1,0,2,0,0
"Q40",2012,"33",34,"Artemisia tripartita","N",1597.77145350424,43.0458661142935,47.1741351034012,2,1,0,1,14.975467,0
"Q40",2012,"42",43,"Artemisia tripartita","N",38.904720621037,5.75930077668177,2.57852769873347,2,0,0,2,0,0
"Q40",2012,"43",44,"Artemisia tripartita","N",63.514055799691,23.0416201117932,3.12787567749452,2,1,0,2,0,0
"Q40",2013,"35",37,"Artemisia tripartita","N",1453.53428769221,39.0716207593618,54.0670424117358,3,1,0,1,11.405949,0
"Q40",2013,"38",40,"Artemisia tripartita","N",5.845474742952,29.4472727239405,0.42701904687181,3,1,0,2,0,1
"Q40",2014,"24",25,"Artemisia tripartita","N",51.701657751918,26.5588375495531,2.687119487979,4,1,0,2,0,0
"Q40",2014,"29",30,"Artemisia tripartita","N",1473.75965757338,32.447166599023,63.0221110877233,4,1,0,1,5.034299,0
"Q40",2015,"37",38,"Artemisia tripartita","N",16.018254934013,30.000287987837,1.46760294711856,5,0,0,2,0,1
"Q40",2015,"38",39,"Artemisia tripartita","N",47.941574789848,21.5481783466811,6.1938421888473,5,0,0,2,0,0
"Q40",2015,"45",46,"Artemisia tripartita","N",1894.27311889052,42.853979617023,69.1405116208494,5,0,0,1,1.55855299999999,0
"Q41",2011,"12",13,"Artemisia tripartita","N",809.279472156537,9.61145723311893,61.8791443917553,1,1,0,1,0,0
"Q41",2011,"13",14,"Artemisia tripartita","N",5.438567200404,1.0692435227068,1.14193490376751,1,0,0,2,0,1
"Q41",2011,"14",15,"Artemisia tripartita","N",62.819678486403,20.7174524263301,3.396139396525,1,1,0,3,0,0
"Q41",2011,"15",16,"Artemisia tripartita","N",200.957017513572,28.6787351200593,11.8670161316813,1,1,0,3,3.039057,0
"Q41",2012,"13",14,"Artemisia tripartita","N",1094.28712600812,10.4003884732129,52.8103507726499,2,1,0,1,0,0
"Q41",2012,"14",15,"Artemisia tripartita","N",301.11892089604,31.9888628210365,11.4248834102837,2,1,0,3,0.390318,0
"Q41",2012,"15",16,"Artemisia tripartita","N",30.047845976484,17.4382381396421,2.49901381222454,2,0,0,3,0,0
"Q41",2013,"7",8,"Artemisia tripartita","N",1220.39641416175,10.5404151519389,54.1181396013389,3,1,0,1,0,0
"Q41",2013,"8",9,"Artemisia tripartita","N",151.853526660588,13.9575315400389,4.02872204384456,3,1,0,3,0,0
"Q41",2013,"9",10,"Artemisia tripartita","N",125.120652158018,34.3900465921274,14.9272859061671,3,1,0,3,7.344297,0
"Q41",2014,"5",6,"Artemisia tripartita","N",986.689970500062,9.80147817713499,53.4451915707133,4,1,0,1,0,0
"Q41",2014,"6",7,"Artemisia tripartita","N",240.013697111289,10.9536113612722,6.09470991696093,4,1,0,3,0,0
"Q41",2014,"7",8,"Artemisia tripartita","N",76.7866667989155,27.7877973268273,11.0477543275045,4,1,0,3,4.792007,0
"Q41",2015,"6",7,"Artemisia tripartita","N",97.1739244899105,19.8591620892016,2.39929550183585,5,0,0,3,0,0
"Q41",2015,"7",8,"Artemisia tripartita","N",733.189601478785,8.33037312395316,51.3672950609561,5,0,0,1,0,0
"Q41",2015,"11",12,"Artemisia tripartita","N",77.807946730213,24.270849799415,13.7541911219072,5,0,0,3,8.275611,0
"Q43",2011,"50",51,"Artemisia tripartita","N",181.104098146139,7.09536846343756,93.7227337312559,1,1,0,1,0,0
"Q43",2012,"40",41,"Artemisia tripartita","N",52.0147063151265,13.0997005077413,97.2185567373954,2,0,0,1,0,0
"Q43",2012,"41",42,"Artemisia tripartita","N",62.8770009755765,2.33934086938938,83.8271211616654,2,1,0,1,0,0
"Q43",2013,"28",34,"Artemisia tripartita","N",155.345523835795,5.69703708043278,89.0076131632106,3,1,0,1,0,0
"Q43",2014,"22",25,"Artemisia tripartita","N",323.858511678788,5.92370082965487,87.7481261126834,4,1,0,1,0,0
"Q43",2014,"30",33,"Artemisia tripartita","N",20.382913028317,20.7774214954703,1.58359817423254,1,1,0,1,0,1
"Q43",2015,"25",26,"Artemisia tripartita","N",54.3852103487865,21.4913725584221,2.83624881301223,2,0,0,1,0,0
"Q43",2015,"26",27,"Artemisia tripartita","N",19.191417247335,24.2801533631737,18.7326017883428,1,0,0,2,16.20173,0
"Q43",2015,"33",34,"Artemisia tripartita","N",278.208391808538,8.10717397046655,92.1579185408605,5,0,0,1,0,0
"Q43",2015,"34",35,"Artemisia tripartita","N",97.357912882708,3.47253461524378,72.8733588360931,5,0,0,1,0,0
"Q44",2011,"53",54,"Artemisia tripartita","N",115.416255001186,93.6082332988512,5.49792994810748,1,1,0,1,0,0
"Q44",2012,"75",76,"Artemisia tripartita","N",153.564547172454,96.6194565442722,6.12726656234824,2,1,0,1,0,0
"Q44",2013,"62",64,"Artemisia tripartita","N",221.517265054057,80.5631334280596,4.3413734725874,3,1,0,1,0,0
"Q44",2014,"54",55,"Artemisia tripartita","N",367.389033220596,88.2216393920718,6.18671170364451,4,1,0,1,0,0
"Q44",2015,"60",61,"Artemisia tripartita","N",365.298964571594,86.4860800569315,6.41509746111083,5,0,0,1,0,0
"Q45",2011,"33",34,"Artemisia tripartita","N",3469.7630321098,66.8388225342813,75.8467705678982,1,1,0,1,0,0
"Q45",2012,"23",24,"Artemisia tripartita","N",3286.35508437573,65.5557275636711,77.9703517472085,2,1,0,1,0,0
"Q45",2013,"12",15,"Artemisia tripartita","N",3662.31551763579,62.5612810306782,75.5004038251204,3,1,0,1,0,0
"Q45",2014,"12",13,"Artemisia tripartita","N",2903.8544850288,64.968027401006,77.4103524677189,4,1,0,1,0,0
"Q45",2015,"15",16,"Artemisia tripartita","N",3124.8850833797,65.0669182860893,77.678016533928,5,0,0,1,0,0
"Q46",2011,"14",15,"Artemisia tripartita","N",781.317752580056,20.9319969342955,13.7965466394548,1,1,0,1,0,0
"Q46",2012,"14",15,"Artemisia tripartita","N",936.623503675112,20.3251456509593,16.2076334826549,2,1,0,1,0,0
"Q46",2013,"10",11,"Artemisia tripartita","N",63.566999405887,28.7493532463258,30.6894323959456,3,0,0,1,23.386377,0
"Q46",2013,"11",12,"Artemisia tripartita","N",215.625690624501,7.19549957915445,31.3794342646117,3,0,0,1,0,0
"Q46",2013,"12",13,"Artemisia tripartita","N",799.697478990239,26.6615673492974,14.561807027479,3,1,0,1,0,0
"Q46",2014,"6",7,"Artemisia tripartita","N",1426.0034188943,23.7119656191671,20.6081962273036,4,1,0,1,0,0
"Q46",2015,"6",7,"Artemisia tripartita","N",1882.92239468682,25.301008635294,22.031169272803,5,0,0,1,0,0
"Q47",2011,"55",56,"Artemisia tripartita","N",405.493004527683,74.6383335527355,83.3756881418249,1,0,0,1,2.217758,0
"Q47",2011,"56",57,"Artemisia tripartita","N",317.691343708546,93.8418919523254,85.082394015787,1,0,0,2,0,0
"Q47",2011,"66",67,"Artemisia tripartita","N",690.463162294927,20.5073392175137,20.2112270261765,1,0,0,3,2.002884,0
"Q47",2011,"68",69,"Artemisia tripartita","N",353.380192391137,48.4041552842314,52.3111932079826,1,0,0,4,33.24807,0
"Q47",2011,"69",70,"Artemisia tripartita","N",349.925684815373,21.8409296285421,48.8414302757011,1,0,0,5,9.567814,0
"Q47",2011,"70",71,"Artemisia tripartita","N",236.593050330874,28.7018173617203,95.1505200880984,1,0,0,6,0,0
"Q47",2011,"71",72,"Artemisia tripartita","N",452.377084834204,8.03962114988831,78.5930754369466,1,0,0,6,0,0
"Q47",2011,"72",73,"Artemisia tripartita","N",276.239279865794,26.4638494976549,69.7698500225432,1,0,0,7,15.520952,0
"Q47",2011,"74",75,"Artemisia tripartita","N",77.3917037343549,57.3582571955168,97.2190703077219,1,0,0,8,0,0
"Q48",2011,"58",59,"Artemisia tripartita","N",670.070642279762,88.1820242083088,79.3679155262258,1,1,0,1,0,0
"Q48",2012,"31",32,"Artemisia tripartita","N",874.753889832204,86.4011378591751,79.7349693277681,2,1,0,1,0,0
"Q48",2013,"8",9,"Artemisia tripartita","N",1293.87616226017,82.3553291595091,81.1212978282971,3,1,0,1,0,0
"Q48",2014,"3",4,"Artemisia tripartita","N",1319.84944573789,82.1681006851189,81.8021699442798,4,1,0,1,0,0
"Q48",2015,"4",5,"Artemisia tripartita","N",1793.55627903912,79.9026715145398,78.4361620352209,5,0,0,1,0,0
"Q49",2011,"27",28,"Artemisia tripartita","N",376.331403545821,37.8364113698028,10.8999842813965,1,1,0,1,0,0
"Q49",2011,"28",29,"Artemisia tripartita","N",243.751709512774,52.2129911863079,36.9608768044883,1,1,0,1,27.608664,0
"Q49",2011,"29",30,"Artemisia tripartita","N",735.176057730856,82.9469291339795,17.9653460520746,1,1,0,1,0,0
"Q49",2012,"12",13,"Artemisia tripartita","N",163.075758179288,48.1603872758466,40.6214012270774,2,0,0,1,32.74154,0
"Q49",2012,"13",14,"Artemisia tripartita","N",50.656264152735,78.4367004033026,16.1382234273524,2,0,0,1,11.773268,0
"Q49",2012,"15",16,"Artemisia tripartita","N",184.200885503053,44.1893065391835,14.409923496902,2,0,0,1,4.025591,0
"Q50",2011,"21",22,"Artemisia tripartita","N",3941.85526635569,73.0503332105113,35.1839807494881,1,0,0,1,0,0
"Q51",2011,"44",45,"Artemisia tripartita","N",8086.90163588692,46.044973656653,54.8328129476387,1,1,0,1,0,0
"Q51",2012,"15",16,"Artemisia tripartita","N",7241.76910653223,44.0318086773638,56.2831873950783,2,1,0,1,0,0
"Q51",2013,"4",6,"Artemisia tripartita","N",85.055621338481,85.7750945350166,90.667785740138,3,0,0,1,4.20627999999999,0
"Q51",2013,"27",30,"Artemisia tripartita","N",511.789381406213,76.3932314773707,63.8733983465259,3,0,0,1,0,0
"Q51",2013,"28",31,"Artemisia tripartita","N",5198.4747166805,41.3043724746026,48.8645994507229,3,1,0,1,0,0
"Q51",2014,"0",1,"Artemisia tripartita","N",6365.79226986141,45.5457604173596,50.0902769513179,4,1,0,1,0,0
"Q51",2014,"26",27,"Artemisia tripartita","N",112.68932794264,18.7939315383841,2.73326991282365,4,1,0,1,0,0
"Q51",2015,"1",2,"Artemisia tripartita","N",105.383164630365,15.9915773316535,4.34205000967993,5,0,0,1,0,0
"Q51",2015,"2",3,"Artemisia tripartita","N",6221.28909531475,45.3694677430691,55.2369400965584,5,0,0,1,0,0
"Q51",2015,"3",4,"Artemisia tripartita","N",113.805017420716,3.70273455980299,43.7657752531297,5,0,0,1,0,0
"Q52",2011,"54",55,"Artemisia tripartita","N",2208.13988627578,38.9148458048723,36.0012355872953,1,0,0,1,0,0
"Q52",2011,"56",57,"Artemisia tripartita","N",990.3534682571,9.32279827130709,77.0912312207689,1,0,0,2,0,0
"Q52",2011,"60",61,"Artemisia tripartita","N",49.671586771392,84.8791188642322,43.001174935183,1,0,0,3,11.812951,0
"Q52",2015,"20",21,"Artemisia tripartita","N",40.640132313878,92.757181579319,45.0695116630196,1,0,0,1,4.002003,0
"Q53",2011,"29",30,"Artemisia tripartita","N",2196.23610279013,24.1984083406955,78.4952622102194,1,0,0,1,0,0
"Q54",2011,"54",55,"Artemisia tripartita","N",472.454001048596,90.6790826078031,80.1015247348949,1,0,0,1,0,0
"Q54",2011,"58",59,"Artemisia tripartita","N",1549.12812415935,54.8108337923251,62.2241790892387,1,0,0,1,13.304635,0
"Q54",2011,"59",60,"Artemisia tripartita","N",271.891022681095,79.5573957707256,46.9324526801098,1,0,0,1,5.282899,0
"Q55",2011,"31",32,"Artemisia tripartita","N",1684.53457262591,15.5082510856155,56.7118576670969,1,1,0,1,0,0
"Q55",2012,"15",16,"Artemisia tripartita","N",1526.2877721785,12.7628370727015,61.3155845951713,2,1,0,1,0,0
"Q55",2013,"0",1,"Artemisia tripartita","N",1199.99251561206,10.0052386675363,66.164829864202,3,1,0,1,0,0
"Q55",2014,"2",3,"Artemisia tripartita","N",299.711236006301,8.26220286868845,66.0081217751157,4,1,0,1,0,0
"Q55",2014,"3",4,"Artemisia tripartita","N",160.289538555749,7.84001951377078,47.0894237436086,4,0,0,1,0,0
"Q55",2014,"5",6,"Artemisia tripartita","N",58.6424708834515,2.67985391626948,29.3779837792626,4,0,0,1,0,0
"Q55",2015,"3",4,"Artemisia tripartita","N",609.931625260926,8.63636218688087,69.6890373229943,5,0,0,1,0,0
"Q56",2011,"7",8,"Artemisia tripartita","N",1847.00909752836,14.854501501103,36.4908256013185,1,0,0,1,0,0
"Q56",2011,"9",10,"Artemisia tripartita","N",153.092572443643,24.3175479430863,64.864698463243,1,0,0,2,16.867583,0
"Q57",2011,"12",13,"Artemisia tripartita","N",1966.80813763345,76.3794241068492,78.0504190036904,1,1,0,1,0,0
"Q57",2011,"14",15,"Artemisia tripartita","N",176.496898230999,57.1887735544886,3.07283305282591,1,1,0,2,0,0
"Q57",2012,"11",12,"Artemisia tripartita","N",40.542249169671,97.3931655102592,50.5671007011551,2,0,0,1,0,0
"Q57",2012,"12",13,"Artemisia tripartita","N",28.64134219015,95.8733319994655,42.1345785998914,2,0,0,1,0,0
"Q57",2012,"15",16,"Artemisia tripartita","N",1517.44069453431,75.760944148777,85.190740750339,2,1,0,1,0,0
"Q57",2013,"2",5,"Artemisia tripartita","N",1325.62491783846,86.2188440806828,77.4397305457635,3,1,0,1,0,0
"Q57",2013,"3",6,"Artemisia tripartita","N",401.241054736138,50.3754023594592,85.8509168417823,3,1,0,1,0,0
"Q57",2013,"12",15,"Artemisia tripartita","N",340.368834523055,49.2595181381892,7.9412500116187,3,1,1,2,0,0
"Q57",2014,"0",1,"Artemisia tripartita","N",1255.75555641557,89.5273770556149,70.2873626620326,4,1,0,1,0,0
"Q57",2014,"1",2,"Artemisia tripartita","N",421.264216259031,48.4708168227878,88.2670617059325,4,1,0,1,0,0
"Q57",2014,"2",3,"Artemisia tripartita","N",347.830215504343,60.1306052313831,5.46295420581354,4,1,0,2,0,0
"Q57",2015,"0",1,"Artemisia tripartita","N",202.419815570562,55.2650042860541,94.3966703467401,5,0,0,1,0,0
"Q57",2015,"1",2,"Artemisia tripartita","N",1264.05860484831,88.6371489751464,70.6437786218269,5,0,0,1,0,0
"Q57",2015,"5",6,"Artemisia tripartita","N",151.898895509854,71.4041333131113,6.63560251451935,5,0,0,2,0,0
"Q57",2015,"6",7,"Artemisia tripartita","N",286.510859190766,45.6547374258101,9.13939926586886,5,0,0,2,0,0
"Q58",2011,"44",45,"Artemisia tripartita","N",677.081045467108,26.9475031219999,7.93097998927596,1,1,0,1,0,0
"Q58",2011,"49",50,"Artemisia tripartita","N",1446.51388474551,81.6899337881985,50.4300514702207,1,1,0,2,0,0
"Q58",2011,"51",52,"Artemisia tripartita","N",66.429632328684,50.6326903658975,97.9849424744316,1,1,0,3,0,0
"Q58",2011,"53",54,"Artemisia tripartita","N",304.434508398877,61.4394871285047,41.7415593861578,1,1,0,4,24.865164,0
"Q58",2011,"54",55,"Artemisia tripartita","N",360.382355975813,50.940419982302,46.4402854058386,1,1,0,5,29.958402,0
"Q58",2012,"19",20,"Artemisia tripartita","N",35.648729895968,50.7192326898097,98.4712418638081,2,1,0,3,0,1
"Q58",2012,"21",22,"Artemisia tripartita","N",1619.3725943194,79.4832139724057,50.3992361538776,2,1,0,2,0,0
"Q58",2012,"22",23,"Artemisia tripartita","N",244.833479093943,58.3720741935924,40.1258000843479,2,0,0,4,24.198412,0
"Q58",2012,"23",24,"Artemisia tripartita","N",315.133089457586,48.8590506612129,46.1155520345583,2,1,0,5,29.754674,0
"Q58",2012,"25",26,"Artemisia tripartita","N",273.459844453065,19.4764972227228,6.05946974355402,2,1,0,1,0,0
"Q58",2013,"1",2,"Artemisia tripartita","N",578.195919241432,23.602155107648,7.39981402886904,3,1,0,1,0,0
"Q58",2013,"3",4,"Artemisia tripartita","N",953.845135902528,52.989954011773,41.5749174608225,3,1,0,5,23.114146,0
"Q58",2013,"7",8,"Artemisia tripartita","N",1730.47159827001,82.7824231485457,47.9383031294443,3,1,0,2,0,0
"Q58",2013,"10",11,"Artemisia tripartita","N",56.61516325576,55.8264090537412,97.8721130930104,3,1,0,3,0,0
"Q58",2014,"5",6,"Artemisia tripartita","N",95.659569394077,50.8733585341904,97.4231425535571,4,1,0,3,0,0
"Q58",2014,"6",7,"Artemisia tripartita","N",1449.51151290158,85.7348633432314,50.3313889539922,4,1,0,2,0,0
"Q58",2014,"7",8,"Artemisia tripartita","N",935.356583614367,53.630750799932,42.9725165037935,4,1,0,5,23.612495,0
"Q58",2014,"9",10,"Artemisia tripartita","N",135.359480842567,22.7690544057152,36.5665501141262,4,0,0,5,14.390733,0
"Q58",2014,"14",15,"Artemisia tripartita","N",621.944202411252,22.2587382633125,10.2344818392264,4,1,0,1,0,0
"Q58",2015,"1",2,"Artemisia tripartita","N",1324.6120183131,54.9449066066976,43.4236641166655,5,0,0,5,20.043885,0
"Q58",2015,"2",3,"Artemisia tripartita","N",1658.03544995351,85.9925757219956,50.6628875619221,5,0,0,2,0,0
"Q58",2015,"11",12,"Artemisia tripartita","N",122.256572385191,53.4900998304233,96.9123058181327,5,0,0,3,0,0
"Q58",2015,"13",14,"Artemisia tripartita","N",189.480936982777,43.5961372395977,7.21915016820898,5,0,0,1,0,0
"Q58",2015,"14",15,"Artemisia tripartita","N",652.804224639314,17.40452703957,15.0502641145068,5,0,0,1,0,0
"Q59",2011,"17",18,"Artemisia tripartita","N",1583.09211369441,15.8368660914174,23.5180784640578,1,0,0,1,0,0
"Q60",2011,"18",19,"Artemisia tripartita","N",1850.94807835017,52.4998772049168,77.4949028965501,1,1,0,1,0,0
"Q60",2011,"19",20,"Artemisia tripartita","N",372.133960303977,82.3129180913729,93.8098915012195,1,0,0,2,0,0
"Q60",2012,"19",20,"Artemisia tripartita","N",1755.76422800885,55.6156474628917,80.8859850828331,2,1,0,1,0,0
"Q60",2013,"22",25,"Artemisia tripartita","N",2429.10789937103,63.5155368202837,78.8906453067151,3,1,0,1,0,0
"Q60",2014,"0",1,"Artemisia tripartita","N",176.424248132589,36.5372211204873,70.6869534407327,4,0,0,1,20.998709,0
"Q60",2014,"1",2,"Artemisia tripartita","N",336.808257636618,44.7486855130521,90.9755401417777,4,0,0,1,0,0
"Q60",2014,"2",3,"Artemisia tripartita","N",1001.79196755643,75.60205063271,82.5863271711232,4,1,0,1,0,0
"Q60",2015,"6",7,"Artemisia tripartita","N",2056.01946901668,66.1269077220171,81.9857931171654,5,0,0,1,0,0
"Q61",2011,"28",29,"Artemisia tripartita","N",2844.19541486206,56.6536726983405,22.7601261084274,1,1,0,1,0,0
"Q61",2011,"29",30,"Artemisia tripartita","N",3689.19630333077,48.6294317787559,74.6033367174536,1,0,0,2,0,0
"Q61",2012,"25",26,"Artemisia tripartita","N",4.66547842457901,41.6041941078102,0.976443816042604,2,0,0,1,0,1
"Q62",2011,"40",41,"Artemisia tripartita","N",1423.34740174854,21.9574081568482,79.2990070999154,1,1,0,1,0,0
"Q62",2012,"16",17,"Artemisia tripartita","N",1278.91932017251,17.9978178152504,76.7047198745053,2,1,0,1,0,0
"Q62",2013,"10",11,"Artemisia tripartita","N",1486.18745979407,16.6487877847851,78.512054472666,3,1,0,1,0,0
"Q62",2014,"0",1,"Artemisia tripartita","N",1036.06789317517,12.6581959328584,76.4804346477062,4,1,0,1,0,0
"Q62",2015,"15",16,"Artemisia tripartita","N",1049.37338414062,12.1827327890102,76.3685009297179,5,0,0,1,0,0
