"","X","quad","year","trackID","area","survives","age","distEdgeMin","allEdge","Group"
"1",1,"i1",16,68,2.03999999937601,1,1,5.98999999929219,0,"i"
"2",2,"i1",16,78,1.68999998853775,0,1,2.49158693477511,1,"i"
"3",3,"i1",16,72,0.95000000351574,1,1,9.71000000135973,0,"i"
"4",4,"i1",16,70,2.81999998092186,0,1,1.30999999819323,1,"i"
"5",5,"i1",16,76,0.77500000988366,1,1,9.39158690162003,0,"i"
"6",6,"i1",16,69,2.69000002416084,1,1,9.21000000089407,0,"i"
"7",7,"i1",16,74,4.98000006969552,1,1,25.5915869027376,0,"i"
"8",8,"i1",16,77,1.76999995160848,0,1,6.99158692732453,0,"i"
"9",9,"i1",16,75,3.63999995928258,1,1,18.391586933285,0,"i"
"10",10,"i1",16,67,3.15000003031455,1,1,21.7084130737931,0,"i"
"11",11,"i1",16,66,1.52500000691507,1,1,20.7084130961448,0,"i"
"12",12,"i1",16,73,1.41499997638399,0,1,8.71000000042841,0,"i"
"13",13,"i1",16,71,5.96999993789475,1,1,25.6099999998696,0,"i"
"14",14,"i1",19,81,1.56500001217006,0,3,41.8980000016745,0,"i"
"15",15,"i1",19,75,4.96999997037462,1,4,21.6000000014901,0,"i"
"16",16,"i1",19,68,4.1349999117176,1,4,5.0020000024233,0,"i"
"17",17,"i1",19,87,2.95999999393011,1,3,26.7999999690801,0,"i"
"18",18,"i1",19,82,2.8349999817647,1,3,44.6020000032149,0,"i"
"19",19,"i1",19,92,8.22999993896112,1,3,20.5000000074506,0,"i"
"20",20,"i1",19,66,1.19999999350403,0,4,19.2000000271946,0,"i"
"21",21,"i1",19,86,1.87500001804437,1,3,43.7979999987874,0,"i"
"22",22,"i1",19,80,0.92499998396961,0,3,0.00199999776668847,1,"i"
"23",23,"i1",19,69,11.535000007865,1,4,4.59799999953248,0,"i"
"24",24,"i1",20,87,2.16500001998153,0,4,25.8915869053453,0,"i"
"25",25,"i1",20,68,5.64999995231628,0,5,-0.00841309083625674,0,"i"
"26",26,"i1",20,69,15.6299999530357,1,5,5.30841309227981,0,"i"
"27",27,"i1",20,92,16.7750000830507,1,4,19.691586913541,0,"i"
"28",28,"i1",20,75,1.05000001243316,0,5,22.8915869258344,0,"i"
"29",29,"i1",20,86,1.05999998544343,1,4,43.1084130890667,0,"i"
"30",30,"i1",20,124,1.34999999960419,0,1,28.7084131035954,0,"i"
"31",31,"i1",20,82,5.10999999502441,1,4,43.3915869100019,0,"i"
"32",32,"i1",20,125,0.39999999376014,0,1,28.1084130925592,0,"i"
"33",33,"i1",20,127,1.39999997961568,0,1,29.1084130876698,0,"i"
"34",34,"i1",20,126,0.82499997825362,1,1,26.0084130917676,0,"i"
"35",35,"i1",21,92,15.2615000039446,1,5,19.1853931173682,0,"i"
"36",36,"i1",21,128,0.99649999151845,0,1,15.4099999985192,0,"i"
"37",37,"i1",21,129,1.62450002990034,1,1,2.58539309725165,1,"i"
"38",38,"i1",21,86,1.20500001167413,0,5,43.4100000013132,0,"i"
"39",39,"i1",21,82,22.8995000387072,1,5,38.4900000004563,0,"i"
"40",40,"i1",21,69,17.3179999853303,1,6,3.2100000011269,0,"i"
"41",41,"i1",22,130,2.60499997126637,1,1,0.210000015795231,1,"i"
"42",42,"i1",22,92,6.44999991335208,1,6,20.3900000080466,0,"i"
"43",43,"i1",22,82,5.00500004718662,1,6,41.5399999998044,0,"i"
"44",44,"i1",22,131,1.1850000232202,0,1,2.1100000012666,1,"i"
"45",45,"i1",22,129,2.47499997841659,1,2,2.19000000506639,1,"i"
"46",46,"i1",23,126,1.12949997886154,1,4,26.0057177743874,0,"i"
"47",47,"i1",23,82,12.1807999430476,1,7,41.2157177692279,0,"i"
"48",48,"i1",23,130,1.75549997875281,1,2,0.0161938834935427,1,"i"
"49",49,"i1",23,69,1.63649998895614,0,8,0.015717773931101,1,"i"
"50",50,"i1",23,92,7.24394999584551,1,7,20.4938061535358,0,"i"
"51",51,"i1",23,129,1.21039998416011,0,3,0.593806151300669,1,"i"
"52",52,"i1",24,92,2.64499996604398,1,8,15.8899999689311,0,"i"
"53",53,"i1",24,130,1.38500001777196,1,3,4.51000002212822,0,"i"
"54",54,"i1",24,82,5.60499999140622,1,8,43.0099999997765,0,"i"
"55",55,"i1",24,134,2.55000001115259,0,1,12.489999999525,0,"i"
"56",56,"i1",24,132,6.07500002412126,1,1,16.4100000169128,0,"i"
"57",57,"i1",24,133,2.35500000485219,0,1,14.5900000003166,0,"i"
"58",58,"i1",25,148,1.05949999133311,0,1,1.29000000306405,1,"i"
"59",59,"i1",25,146,3.45000002883608,0,1,2.39000000292435,0,"i"
"60",60,"i1",25,137,0.753000020046486,0,1,23.7149584572762,0,"i"
"61",61,"i1",25,92,10.7240000766052,1,9,11.0950415488333,0,"i"
"62",62,"i1",25,82,11.282499897324,0,9,37.0899999979883,0,"i"
"63",63,"i1",25,139,2.55969999929746,0,1,0.390000001061708,1,"i"
"64",64,"i1",25,150,1.18170000905329,0,1,9.38999999780208,0,"i"
"65",65,"i1",25,135,1.52999997304753,1,1,9.41495848819613,0,"i"
"66",66,"i1",25,159,1.94500001363456,0,1,4.18504155240953,0,"i"
"67",67,"i1",25,130,2.32149998970819,0,4,1.70495845377445,1,"i"
"68",68,"i1",25,149,0.981499992363621,0,1,35.0900000019465,0,"i"
"69",69,"i1",25,153,1.84650000203657,0,1,32.5950415339321,0,"i"
"70",70,"i1",25,141,2.28600002419995,0,1,30.3149584680796,0,"i"
"71",71,"i1",25,147,1.16500002306653,0,1,2.09000000031665,1,"i"
"72",72,"i1",25,138,1.08350000083074,0,1,18.2099999976344,0,"i"
"73",73,"i1",25,151,2.27700001010275,1,1,0.79000000259839,1,"i"
"74",74,"i1",25,136,4.11200001675123,0,1,0.19000000320375,1,"i"
"75",75,"i1",25,145,1.05949999852176,0,1,10.2899999998044,0,"i"
"76",76,"i1",25,156,1.53899998248811,0,1,12.9850415512919,0,"i"
"77",77,"i1",25,140,2.08799996735226,0,1,14.1100000008009,0,"i"
"78",78,"i1",25,126,4.47349994288385,0,6,20.9099999978207,0,"i"
"79",79,"i1",25,154,2.25649999761977,0,1,18.8950415235013,0,"i"
"80",80,"i1",25,143,1.38300000608596,0,1,36.40495846048,0,"i"
"81",81,"i1",25,155,3.72450000042981,0,1,13.7850415427238,0,"i"
"82",82,"i1",25,132,6.91549999115802,1,2,13.1149584893137,0,"i"
"83",83,"i1",25,158,2.08000000608619,0,1,5.59504153206944,0,"i"
"84",84,"i1",25,142,0.33200000435533,0,1,34.5049584750086,0,"i"
"85",85,"i1",25,157,1.43249999946682,0,1,7.59504153393209,0,"i"
"86",86,"i1",25,152,3.41350002775527,0,1,33.8950415141881,0,"i"
"87",87,"i1",25,144,0.999500021081883,1,1,12.2099999978673,0,"i"
"88",88,"i1",26,92,3.13044996666997,1,10,20.3934545628726,0,"i"
"89",89,"i1",26,135,6.66455001516575,1,2,8.11654543504119,0,"i"
"90",90,"i1",26,132,3.73700000519701,0,3,14.0065454412252,0,"i"
"91",91,"i1",26,144,1.82824997486616,0,2,10.713022458367,0,"i"
"92",92,"i1",26,151,4.01650001236494,0,2,0.886977539630607,1,"i"
"93",93,"i1",27,160,2.2959999887119,1,1,11.8065454531461,0,"i"
"94",94,"i1",28,135,1.32999998169718,0,4,9.6089452970773,0,"i"
"95",95,"i1",29,165,3.58144999420405,0,1,30.0146068911999,0,"i"
"96",96,"i1",29,92,22.9910499753429,1,13,25.6853931117803,0,"i"
"97",97,"i1",29,164,4.56349996979791,0,1,27.914606872946,0,"i"
"98",98,"i1",29,161,9.36949997552507,0,1,6.51460690423846,0,"i"
"99",99,"i1",29,166,10.7704500181826,1,1,34.8046069033444,0,"i"
"100",100,"i1",29,162,6.17749997221632,0,1,24.3146068882197,0,"i"
"101",101,"i1",29,163,4.56049994931486,0,1,24.6046069078147,0,"i"
"102",102,"i1",29,160,17.3871500436166,1,3,14.5046068821102,0,"i"
"103",103,"i1",30,172,1.75999998092651,1,1,2.49428222887218,1,"i"
"104",104,"i1",30,170,1.03049999480648,1,1,23.7942822277546,0,"i"
"105",105,"i1",30,92,25.0360000310685,1,14,23.991586919874,0,"i"
"106",106,"i1",30,168,11.8080000480595,1,1,20.9942822286393,0,"i"
"107",107,"i1",30,171,1.11300000631064,1,1,13.2842822291423,0,"i"
"108",108,"i1",30,169,2.95999994154321,0,1,15.5842822277918,0,"i"
"109",109,"i1",30,166,13.5759999942976,1,2,29.9084130674601,0,"i"
"110",110,"i1",30,160,8.97899998886651,1,4,19.3084130994976,0,"i"
"111",111,"i1",30,167,2.02749997967854,1,1,10.2942822268233,0,"i"
"112",112,"i1",31,185,3.55950003856863,0,1,3.08504151180387,0,"i"
"113",113,"i1",31,184,4.99199998573586,0,1,12.0950415264815,0,"i"
"114",114,"i1",31,186,1.22099997460237,0,1,1.28504154272377,1,"i"
"115",115,"i1",31,183,6.90399994253903,0,1,12.9850415512919,0,"i"
"116",116,"i1",31,166,16.7783999735358,0,3,31.8149584811181,0,"i"
"117",117,"i1",31,92,25.0639999184771,1,15,24.2950415238738,0,"i"
"118",118,"i1",31,171,1.36149997881055,0,2,14.18999999878,0,"i"
"119",119,"i1",31,182,9.65729990146686,1,1,18.1850415188819,0,"i"
"120",120,"i1",31,160,26.6303000961386,1,5,18.3149584569037,0,"i"
"121",121,"i1",31,174,1.3860000341651,0,1,1.40495845116675,1,"i"
"122",122,"i1",31,175,3.13950002681417,0,1,4.38999999896623,0,"i"
"123",123,"i1",31,172,0.67999999241903,0,2,3.09000000124797,1,"i"
"124",124,"i1",31,180,4.92350000393786,0,1,20.409999997355,0,"i"
"125",125,"i1",31,177,7.54299998921272,0,1,1.99000000138767,1,"i"
"126",126,"i1",31,181,0.96799997280398,0,1,17.8100000019185,0,"i"
"127",127,"i1",31,178,1.15399999987357,0,1,28.0099999974482,0,"i"
"128",128,"i1",31,179,1.44199995787768,0,1,2.88999999756925,1,"i"
"129",129,"i1",31,173,2.08625001442153,0,1,-0.0250415410846472,1,"i"
"130",130,"i1",31,168,12.0330000175121,1,2,19.2900000023656,0,"i"
"131",131,"i1",31,176,4.9554999606444,0,1,1.68999999877997,1,"i"
"132",132,"i1",31,167,8.13600002074824,0,2,7.0899999991525,0,"i"
"133",133,"i1",32,168,8.83720002661897,1,3,19.0915869083256,0,"i"
"134",134,"i1",32,160,18.6249999051506,1,6,19.2046069074422,0,"i"
"135",135,"i1",32,189,3.74999995750841,1,1,10.0853931158781,0,"i"
"136",136,"i1",32,188,1.33900000449643,1,1,27.591586910421,0,"i"
"137",137,"i1",32,187,1.06050001767976,1,1,27.7146068867296,0,"i"
"138",138,"i1",32,92,24.9865000281125,1,16,24.3853930849582,0,"i"
"139",139,"i1",32,182,4.78350003347942,1,2,18.5953930951655,0,"i"
"140",140,"i1",33,188,1.22499998569256,0,2,29.2900000000373,0,"i"
"141",141,"i1",33,190,3.03880002763825,1,1,-0.00334475189447403,1,"i"
"142",142,"i1",33,92,28.9247000381033,1,17,25.1933447550982,0,"i"
"143",143,"i1",33,193,8.38999995311256,0,1,14.4900000013877,0,"i"
"144",144,"i1",33,192,1.81799999458529,0,1,5.81000000238419,0,"i"
"145",145,"i1",33,168,21.644000000437,1,4,19.0899999986868,0,"i"
"146",146,"i1",33,191,1.72849995852192,0,1,19.6066552773118,0,"i"
"147",147,"i1",33,187,16.4939999826954,1,2,23.0066552758217,0,"i"
"148",148,"i1",33,160,18.8751000020467,1,7,18.8066552393138,0,"i"
"149",149,"i1",33,170,5.57999996633036,1,4,26.589999999851,0,"i"
"150",150,"i1",33,194,6.84499997619539,0,1,22.7899999998044,0,"i"
"151",151,"i1",34,168,14.0599999721139,1,5,19.8915869113989,0,"i"
"152",152,"i1",34,92,15.3810000491734,1,18,23.3915869146585,0,"i"
"153",153,"i1",34,160,5.41499998674495,0,8,22.108413092792,0,"i"
"154",154,"i1",34,190,4.69000004738569,0,2,2.10841307416558,0,"i"
"155",155,"i1",35,92,35.7307500024205,1,19,23.591586900875,0,"i"
"156",156,"i1",35,205,3.13749997307314,1,1,0.00158692710101604,1,"i"
"157",157,"i1",35,168,32.6450000446243,1,6,15.690000000177,0,"i"
"158",158,"i1",35,189,1.18500000895932,0,4,10.0915869232267,0,"i"
"159",159,"i1",35,170,1.46000001092674,0,6,28.9900000032503,0,"i"
"160",160,"i1",35,201,0.81499999389285,0,1,10.8899999991991,0,"i"
"161",161,"i1",35,200,1.68500000959961,0,1,4.3100000009872,0,"i"
"162",162,"i1",35,196,3.26999995789491,1,1,18.4899999992922,0,"i"
"163",163,"i1",35,182,19.7614000097559,1,5,11.9915869086981,0,"i"
"164",164,"i1",35,197,1.56999997481005,0,1,17.1900000015739,0,"i"
"165",165,"i1",35,195,1.44000002678018,1,1,7.29000000283122,0,"i"
"166",166,"i1",35,199,2.28000002595829,1,1,15.690000000177,0,"i"
"167",167,"i1",35,187,4.80799997928715,1,4,19.8084130883217,0,"i"
"168",168,"i1",35,203,2.13000003149966,0,1,6.29158690571785,0,"i"
"169",169,"i1",35,204,3.24000001208857,0,1,0.591586902737617,1,"i"
"170",170,"i1",35,198,1.30499998718034,1,1,3.19000000017695,1,"i"
"171",171,"i1",35,202,1.15000002717134,0,1,15.9900000027847,0,"i"
"172",172,"i1",36,182,32.0541000634924,1,6,6.59504155628383,0,"i"
"173",173,"i1",36,199,1.03999998703599,0,2,16.491586912889,0,"i"
"174",174,"i1",36,168,43.7175001235725,1,7,15.9615869109984,0,"i"
"175",175,"i1",36,92,52.4088998216998,1,20,20.6950415391475,0,"i"
"176",176,"i1",36,206,1.6540000069167,0,1,18.6915869126096,0,"i"
"177",177,"i1",36,196,8.63589997845087,1,2,19.1915869072545,0,"i"
"178",178,"i1",36,207,3.24450002634036,0,1,4.00841308874078,0,"i"
"179",179,"i1",36,205,6.05849996053357,0,2,0.0950415153056383,1,"i"
"180",180,"i1",36,198,10.3937000261945,0,2,1.09158690902404,0,"i"
"181",181,"i1",37,208,9.05500000539934,1,1,2.10841307416558,0,"i"
"182",182,"i1",37,92,48.0670999004071,1,21,22.3615869123023,0,"i"
"183",183,"i1",37,182,23.7149999620416,1,7,15.4915869235992,0,"i"
"184",184,"i1",37,196,13.4763999857091,1,3,18.0915869073942,0,"i"
"185",185,"i1",37,168,38.485600032538,1,8,12.4415869126096,0,"i"
"186",186,"i1",38,214,2.6149999893876,0,1,13.8084130827338,0,"i"
"187",187,"i1",38,92,19.0325999487308,1,22,22.291586920619,0,"i"
"188",188,"i1",38,168,18.8249998720828,1,9,14.991586911492,0,"i"
"189",189,"i1",38,182,36.4150000305172,1,8,11.8915869388729,0,"i"
"190",190,"i1",38,187,2.2299999848288,0,7,16.2084131035954,0,"i"
"191",191,"i1",38,217,2.4000000228058,0,1,9.29158690851182,0,"i"
"192",192,"i1",38,209,2.9899999921233,0,1,11.0084130894393,0,"i"
"193",193,"i1",38,212,1.9750000522821,0,1,13.1084130611271,0,"i"
"194",194,"i1",38,215,0.7399999920069,0,1,9.89158690790646,0,"i"
"195",195,"i1",38,213,1.3250000120723,0,1,2.69158690935001,1,"i"
"196",196,"i1",38,195,1.339999981483,0,4,8.49158691125922,0,"i"
"197",197,"i1",38,210,2.515000002007,0,1,12.2084130998701,0,"i"
"198",198,"i1",38,211,1.5699999771384,0,1,13.0084130913019,0,"i"
"199",199,"i1",38,216,1.1899999966286,0,1,9.79158690897748,0,"i"
"200",200,"i1",38,208,1.4609999978086,0,2,8.2084130961448,0,"i"
"201",201,"i1",42,196,14.7235000542351,1,8,21.1869775375817,0,"i"
"202",202,"i1",42,182,58.9929999457258,1,12,13.5915869381279,0,"i"
"203",203,"i1",42,92,86.7185002024224,1,26,25.2915869001299,0,"i"
"204",204,"i1",42,168,39.681499979814,1,13,16.1969775392208,0,"i"
"205",205,"i1",43,168,25.5150000000279,1,14,14.089999999851,0,"i"
"206",206,"i1",43,232,2.94500000880333,1,1,5.79158691689372,0,"i"
"207",207,"i1",43,229,13.7049999215105,1,1,24.5915869250894,0,"i"
"208",208,"i1",43,92,33.1150000130199,1,27,28.3915868960321,0,"i"
"209",209,"i1",43,227,9.74499995365739,1,1,3.70841310359538,0,"i"
"210",210,"i1",43,230,11.1500000650063,1,1,0.19000000320375,1,"i"
"211",211,"i1",43,196,14.204999939613,1,9,17.5084130838513,0,"i"
"212",212,"i1",43,231,25.0099999657343,0,1,10.3915869258344,0,"i"
"213",213,"i1",43,182,54.3950000324589,1,13,14.1915868967772,0,"i"
"214",214,"i1",43,228,4.22499995082617,0,1,21.0900000005495,0,"i"
"215",215,"i1",44,233,4.68999998335727,0,1,0.00841309083625674,1,"i"
"216",216,"i1",44,237,2.33499999247491,0,1,20.908413088182,0,"i"
"217",217,"i1",44,229,5.38000004686648,0,2,22.7915869094431,0,"i"
"218",218,"i1",44,239,3.82499997132691,1,1,16.7084130924195,0,"i"
"219",219,"i1",44,238,7.83999995284481,0,1,32.8915869351476,0,"i"
"220",220,"i1",44,92,32.1449999712245,1,28,29.6915869112127,0,"i"
"221",221,"i1",44,243,1.9199999687681,1,1,11.8915869388729,0,"i"
"222",222,"i1",44,235,1.12500000995351,0,1,6.19158691260964,0,"i"
"223",223,"i1",44,236,9.89000000119209,1,1,0.791586912237108,1,"i"
"224",224,"i1",44,245,6.16499997999286,1,1,0.791586935520172,1,"i"
"225",225,"i1",44,232,6.10050000256206,1,2,-0.00841310247778893,0,"i"
"226",226,"i1",44,244,1.06499998679152,0,1,9.1915869154036,0,"i"
"227",227,"i1",44,234,4.91000002928544,0,1,11.2084130872972,0,"i"
"228",228,"i1",44,241,2.1500000185566,0,1,10.4915869073011,0,"i"
"229",229,"i1",44,168,14.1100000449666,1,15,14.1915869084187,0,"i"
"230",230,"i1",44,182,100.040000032613,1,14,9.29158693179488,0,"i"
"231",231,"i1",44,227,5.39000001289183,0,2,10.3084130678326,0,"i"
"232",232,"i1",44,230,20.1799999961443,1,2,0.791586912237108,0,"i"
"233",233,"i1",44,242,8.27500002618181,1,1,10.3915869083721,0,"i"
"234",234,"i1",44,196,18.0400000702147,1,10,17.8915869095363,0,"i"
"235",235,"i1",44,240,3.85500000764616,0,1,25.0084130908363,0,"i"
"236",236,"i1",45,243,1.7449999742629,1,2,16.3900000043213,0,"i"
"237",237,"i1",45,242,4.53499998944229,1,2,7.99158691079356,0,"i"
"238",238,"i1",45,239,5.25999996503582,1,2,18.1084130890667,0,"i"
"239",239,"i1",45,246,1.65999999121763,0,1,0.191586912842467,1,"i"
"240",240,"i1",45,245,4.26999998391373,0,2,2.08999998867512,1,"i"
"241",241,"i1",45,230,25.624999984866,1,3,-0.00841309083625674,0,"i"
"242",242,"i1",45,232,5.46999999342486,1,3,2.4900000076741,0,"i"
"243",243,"i1",45,196,15.1149999180832,1,11,18.210000032559,0,"i"
"244",244,"i1",45,168,39.3900000657444,1,16,9.89158690790646,0,"i"
"245",245,"i1",45,236,1.57500001428416,0,2,8.49158691125922,0,"i"
"246",246,"i1",45,92,64.3150000219489,1,29,30.8915869100019,0,"i"
"247",247,"i1",45,182,118.159999974221,1,15,10.2899999823421,0,"i"
"248",248,"i1",46,182,129.271499910773,1,16,7.39158689975739,0,"i"
"249",249,"i1",46,251,6.0890000795261,1,1,11.6057177714538,0,"i"
"250",250,"i1",46,168,52.5334999094098,1,17,12.5942822254729,0,"i"
"251",251,"i1",46,243,10.8485001103473,1,3,14.1915868967772,0,"i"
"252",252,"i1",46,248,2.74299999916041,1,1,7.9057177703362,0,"i"
"253",253,"i1",46,242,16.1320000231913,1,3,6.98428222676739,0,"i"
"254",254,"i1",46,232,6.0459999324251,0,4,5.891586933285,0,"i"
"255",255,"i1",46,92,42.0460001341729,1,30,28.0842822277918,0,"i"
"256",256,"i1",46,239,6.70650000733463,1,3,15.915717772441,0,"i"
"257",257,"i1",46,230,26.5144998815861,1,4,-0.105717772385105,1,"i"
"258",258,"i1",46,250,0.62799998992402,0,1,5.10571777122095,0,"i"
"259",259,"i1",46,247,6.58000001033535,0,1,-0.015717773931101,1,"i"
"260",260,"i1",46,249,2.47549997229408,0,1,0.105717772385105,1,"i"
"261",261,"i1",46,196,15.7610000128029,1,12,19.7084130719304,0,"i"
"262",262,"i1",49,182,111.45500002966,1,19,4.49158693663776,0,"i"
"263",263,"i1",49,168,132.999000151885,1,20,0.290000002132729,0,"i"
"264",264,"i1",49,196,17.404999986901,1,15,21.3900000031572,0,"i"
"265",265,"i1",49,92,86.4350001217657,1,33,23.5900000028778,0,"i"
"266",266,"i1",49,251,10.9499999898369,1,4,11.109999998007,0,"i"
"267",267,"i1",49,248,2.72000000925735,0,4,8.90999999828637,0,"i"
"268",268,"i1",49,243,21.9199998479872,1,6,11.3915869034827,0,"i"
"269",269,"i1",50,251,12.8524999011797,1,5,10.0099999981467,0,"i"
"270",270,"i1",50,281,2.9644999901957,0,1,3.9953931234777,0,"i"
"271",271,"i1",50,243,16.5689999346973,1,7,8.48539308644831,0,"i"
"272",272,"i1",50,168,98.5580002153192,1,21,2.28999999817461,0,"i"
"273",273,"i1",50,283,3.1265999996281,1,1,-0.00460688024759293,1,"i"
"274",274,"i1",50,230,2.7945000039653,1,8,1.78999999770895,1,"i"
"275",275,"i1",50,196,10.0630000839247,1,16,22.8899999987334,0,"i"
"276",276,"i1",50,182,233.948900016741,1,20,3.49539308808744,0,"i"
"277",277,"i1",50,280,2.1010000018238,0,1,34.2100000008941,0,"i"
"278",278,"i1",50,92,71.4669998565555,1,34,24.5953931007534,0,"i"
"279",279,"i1",50,282,2.9249999833293,1,1,0.185393122956157,1,"i"
"280",291,"i3",18,64,2.5785000287611,1,3,24.7099999978673,0,"i"
"281",292,"i3",18,61,1.91650000062445,1,3,5.91000000131316,0,"i"
"282",293,"i3",19,64,0.97000000192318,0,4,25.7039999996778,0,"i"
"283",294,"i3",19,72,8.55000006947666,1,1,13.6040000012144,0,"i"
"284",295,"i3",19,71,0.82000002783723,0,1,2.60399999679066,1,"i"
"285",296,"i3",19,73,0.79000000606989,1,1,3.29999998211861,1,"i"
"286",297,"i3",19,74,0.36000000276603,1,1,0,1,"i"
"287",298,"i3",19,69,0.87500001414446,0,1,19.104000000516,0,"i"
"288",299,"i3",19,68,2.58999996780418,1,1,21.4039999991655,0,"i"
"289",300,"i3",19,61,6.52000003816327,1,4,4.10399999818765,0,"i"
"290",301,"i3",19,70,0.54500001073582,0,1,31.0999999754131,0,"i"
"291",302,"i3",20,77,2.104999992745,0,1,29.6915869228542,0,"i"
"292",303,"i3",20,75,1.59999998959247,0,1,9.90841308957897,0,"i"
"293",304,"i3",20,74,4.3300000684557,1,2,-0.00841310247778893,1,"i"
"294",305,"i3",20,78,1.44000001106411,1,1,20.7915869075805,0,"i"
"295",306,"i3",20,68,5.98000002586516,1,2,21.2084130907897,0,"i"
"296",307,"i3",20,76,1.93000002035871,1,1,10.7084130926523,0,"i"
"297",308,"i3",20,79,2.09000000616303,1,1,16.2915869150311,0,"i"
"298",309,"i3",20,81,1.16999999734806,0,1,4.89158690907061,0,"i"
"299",310,"i3",20,83,0.48500001667766,1,1,0.591586902737617,1,"i"
"300",311,"i3",20,80,1.44000002299668,1,1,9.1915869154036,0,"i"
"301",312,"i3",20,73,3.64500000224914,1,2,2.69158690935001,0,"i"
"302",313,"i3",20,72,19.7549999345257,1,2,9.89158693701029,0,"i"
"303",314,"i3",20,82,1.11499999416061,1,1,5.49158691428602,0,"i"
"304",315,"i3",20,61,9.89500007937429,1,5,2.90841308888048,0,"i"
"305",316,"i3",21,72,15.420000055905,1,3,7.80999999842606,0,"i"
"306",317,"i3",21,80,1.80500001808861,0,2,9.99158690683544,0,"i"
"307",318,"i3",21,85,14.8150000109477,0,1,6.08999999822117,0,"i"
"308",319,"i3",21,86,1.24499999341322,0,1,1.30999999819323,1,"i"
"309",320,"i3",21,76,3.13499998377869,1,2,8.20999999996275,0,"i"
"310",321,"i3",21,73,9.07500004862667,1,3,1.19158690795302,0,"i"
"311",322,"i3",21,82,2.35999998670071,0,2,5.29158692806959,0,"i"
"312",323,"i3",21,79,2.83000000748318,1,2,18.7915869057178,0,"i"
"313",324,"i3",21,61,10.2149999636714,1,6,3.11000000219792,0,"i"
"314",325,"i3",21,74,7.11000002872665,0,3,4.2915869038552,0,"i"
"315",326,"i3",21,68,3.12960000788756,1,3,17.0500000007451,0,"i"
"316",327,"i3",21,84,3.53000000645872,0,1,18.7084130942822,0,"i"
"317",328,"i3",21,78,2.80000000172295,1,2,19.7915869299322,0,"i"
"318",329,"i3",21,83,1.89499998327345,0,2,0.0915869139134884,1,"i"
"319",330,"i3",22,72,0.319999995473772,1,4,12.510000000475,0,"i"
"320",331,"i3",23,87,1.14000000584871,1,1,23.2157177699264,0,"i"
"321",332,"i3",23,79,0.72349999393196,0,4,17.3915869090706,0,"i"
"322",333,"i3",23,88,1.6680000110697,1,1,9.79428222635761,0,"i"
"323",334,"i3",23,73,0.29699999777088,1,5,0.994282227475196,1,"i"
"324",335,"i3",24,89,2.89000001900364,1,1,16.0084130708128,0,"i"
"325",336,"i3",24,90,1.53999998767627,0,1,14.4084130879492,0,"i"
"326",337,"i3",24,91,3.29999998519197,1,1,19.108413066715,0,"i"
"327",338,"i3",24,99,1.70500003129011,0,1,35.0084130652249,0,"i"
"328",339,"i3",24,93,1.09500000157394,0,1,15.4915869119577,0,"i"
"329",340,"i3",24,87,9.39999999713618,1,2,17.8084130922798,0,"i"
"330",341,"i3",24,76,4.7949999779067,1,5,2.60841309209354,0,"i"
"331",342,"i3",24,96,2.42000000054948,0,1,27.5084130931646,0,"i"
"332",343,"i3",24,78,2.10999997692183,0,5,23.7915869336575,0,"i"
"333",344,"i3",24,92,1.97949999738322,0,1,19.7084130719304,0,"i"
"334",345,"i3",24,94,2.54999999194406,1,1,24.3084130808711,0,"i"
"335",346,"i3",24,95,17.1420000079013,0,1,15.6915869098157,0,"i"
"336",347,"i3",24,102,2.59999998970889,0,1,14.6915869088843,0,"i"
"337",348,"i3",24,104,3.78499996548984,0,1,14.091586926952,0,"i"
"338",349,"i3",24,73,1.90850000047567,0,6,-0.00841310247778893,1,"i"
"339",350,"i3",24,72,12.4700000285823,1,6,10.8915869146585,0,"i"
"340",351,"i3",24,61,2.40000002775341,1,9,8.10841309139505,0,"i"
"341",352,"i3",24,98,2.31000001163688,1,1,34.8084130790085,0,"i"
"342",353,"i3",24,100,2.11500002396293,1,1,13.5084130917676,0,"i"
"343",354,"i3",24,97,2.51999995591585,0,1,29.2084130924195,0,"i"
"344",355,"i3",24,105,1.55999998055398,0,1,12.9915869329125,0,"i"
"345",356,"i3",24,103,3.35499997062609,1,1,19.9915869161487,0,"i"
"346",357,"i3",24,68,14.1899999728217,1,6,11.308413092047,0,"i"
"347",358,"i3",24,101,1.60999999927357,0,1,34.1084130923264,0,"i"
"348",359,"i3",25,100,1.57000000944361,0,2,13.7099999992643,0,"i"
"349",360,"i3",25,94,3.06499999560998,0,2,25.109999999404,0,"i"
"350",361,"i3",25,103,3.3900000164425,0,2,21.6915869154036,0,"i"
"351",362,"i3",25,72,8.64499991551973,1,7,9.49158691801131,0,"i"
"352",363,"i3",25,89,3.38000000094064,0,2,17.3084130976349,0,"i"
"353",364,"i3",25,76,9.00000005459879,1,6,2.01000000233762,0,"i"
"354",365,"i3",25,87,22.7599999641627,1,3,18.2099999976344,0,"i"
"355",366,"i3",25,68,13.8250001107343,1,7,10.0099999981467,0,"i"
"356",367,"i3",25,106,2.20499998914776,1,1,0.309999997261912,1,"i"
"357",368,"i3",25,98,6.44999999775319,0,2,33.1084130797535,0,"i"
"358",369,"i3",25,61,2.13500002673594,1,10,7.20999999903142,0,"i"
"359",370,"i3",25,88,3.81999998103827,0,3,10.989999998128,0,"i"
"360",371,"i3",26,106,10.6539999752808,0,2,0.515717774396762,1,"i"
"361",372,"i3",26,109,2.3171999709643,0,1,0.00158692710101604,1,"i"
"362",373,"i3",26,91,5.57749997511506,0,3,14.4084130879492,0,"i"
"363",374,"i3",26,68,39.3825001554866,1,8,12.1057177719194,0,"i"
"364",375,"i3",26,107,14.2254999104193,1,1,10.7084130868316,0,"i"
"365",376,"i3",26,108,2.12099999874691,0,1,0.315717770718038,1,"i"
"366",377,"i3",26,61,12.0559999689981,1,11,6.01571777369827,0,"i"
"367",378,"i3",26,76,3.39499998111976,0,7,1.1157177737914,1,"i"
"368",379,"i3",26,87,43.8015001383624,1,4,14.315717772115,0,"i"
"369",380,"i3",26,72,26.1720000750124,1,8,8.79158689640462,0,"i"
"370",381,"i3",27,68,27.2414999812355,0,9,13.4099999966566,0,"i"
"371",382,"i3",27,87,47.1263999828453,1,5,12.2099999978673,0,"i"
"372",383,"i3",27,107,29.7460000549755,1,2,8.50495845079422,0,"i"
"373",384,"i3",27,72,60.8362999268237,1,9,7.69504155032337,0,"i"
"374",385,"i3",27,61,44.5960000360114,1,12,3.11000000219792,0,"i"
"375",386,"i3",27,110,6.45980001538973,1,1,0.19000000320375,1,"i"
"376",387,"i3",28,112,1.9193000155588,0,1,17.3046068754047,0,"i"
"377",388,"i3",28,111,21.8443000379745,0,1,11.2146068830043,0,"i"
"378",389,"i3",28,107,30.4155498974194,1,3,10.3046068921685,0,"i"
"379",390,"i3",28,110,8.2735999864385,0,2,0.766650389414281,1,"i"
"380",391,"i3",28,114,1.2000000106753,0,1,24.7046068776399,0,"i"
"381",392,"i3",28,61,76.7137500276102,1,13,0.203349610092118,0,"i"
"382",393,"i3",28,115,3.1214999820888,0,1,4.08665038994513,0,"i"
"383",394,"i3",28,87,51.0274999021168,1,6,15.3033496113494,0,"i"
"384",395,"i3",28,72,32.5778500078611,1,10,7.69539312459528,0,"i"
"385",396,"i3",28,113,1.6599999667122,1,1,21.9146069139242,0,"i"
"386",397,"i3",29,113,6.08919996569091,0,2,19.3149584811181,0,"i"
"387",398,"i3",29,61,31.5455501961795,1,14,0.0133496068883687,0,"i"
"388",399,"i3",29,87,26.8486999544571,1,7,23.4133496065624,0,"i"
"389",400,"i3",29,107,26.5069999738894,1,4,8.11495846137404,0,"i"
"390",401,"i3",29,72,28.2762000510632,1,11,7.18504153192043,0,"i"
"391",402,"i3",30,87,8.26855000778665,0,8,23.4157177736051,0,"i"
"392",403,"i3",30,72,23.979950135058,1,12,11.8926415685564,0,"i"
"393",404,"i3",30,107,52.5504500056074,1,5,9.40735843032598,0,"i"
"394",405,"i3",30,116,1.15199999610381,0,1,7.99428222817369,0,"i"
"395",406,"i3",30,61,11.0824999742513,1,15,12.905717769172,0,"i"
"396",407,"i3",31,107,28.7820999824729,1,6,10.6046068947762,0,"i"
"397",408,"i3",31,61,18.7016499235205,1,16,0.315717770718038,0,"i"
"398",409,"i3",31,72,6.57399992644111,1,13,10.0853931158781,0,"i"
"399",410,"i3",31,117,0.81350001621852,1,1,24.3853930849582,0,"i"
"400",411,"i3",32,61,5.39550001399638,0,17,22.8630224592052,0,"i"
"401",412,"i3",32,72,6.20000001445878,0,14,11.3899999763817,0,"i"
"402",413,"i3",32,119,2.13000000908971,0,1,35.3869775426574,0,"i"
"403",414,"i3",32,118,14.0964999797721,0,1,-0.0130224623717368,1,"i"
"404",415,"i3",32,117,5.56599997949414,1,2,18.6900000087917,0,"i"
"405",416,"i3",33,122,6.66000005641021,0,1,5.39158689789474,0,"i"
"406",417,"i3",33,117,10.1099999662116,1,3,18.9915869385004,0,"i"
"407",418,"i3",33,123,1.17000000316883,0,1,3.79158691503108,1,"i"
"408",419,"i3",33,121,1.38999999147141,0,1,18.9100000017788,0,"i"
"409",420,"i3",33,120,3.74195000549261,1,1,2.3700000019744,1,"i"
"410",421,"i3",34,107,18.6099999156874,0,9,7.30841308832169,0,"i"
"411",422,"i3",34,124,1.08000000014901,0,1,4.60841306485236,0,"i"
"412",423,"i3",34,61,6.35999995107763,0,19,11.5095336921513,0,"i"
"413",424,"i3",34,120,5.7583000132449,0,2,-0.00953369308263063,1,"i"
"414",425,"i3",34,125,14.8166000115072,1,1,13.0084130913019,0,"i"
"415",426,"i3",34,126,8.35000005076872,0,1,38.3915869053453,0,"i"
"416",427,"i3",34,117,1.86500000050524,1,4,19.691586913541,0,"i"
"417",428,"i3",35,117,5.81149997493392,1,5,17.9833447560668,0,"i"
"418",429,"i3",35,125,2.88800001651445,0,2,8.61665527336299,0,"i"
"419",430,"i3",36,127,6.17500004264293,1,1,7.09046631236561,0,"i"
"420",431,"i3",36,117,17.9700000420283,1,6,16.1915868986398,0,"i"
"421",432,"i3",36,128,1.92500002075685,0,1,7.19046631129459,0,"i"
"422",433,"i3",36,129,4.1740000741547,1,1,0.291586900129914,1,"i"
"423",434,"i3",37,127,6.82049994234857,0,2,8.89000000315718,0,"i"
"424",435,"i3",37,129,6.28280003108461,1,2,-0.00665527768433094,1,"i"
"425",436,"i3",37,117,20.981500095624,1,7,16.1933447234333,0,"i"
"426",437,"i3",38,117,52.33650012341,1,8,13.8915868941694,0,"i"
"427",438,"i3",42,117,13.3255500034807,1,12,14.6953931078315,0,"i"
"428",439,"i3",43,137,7.3600000253797,0,1,14.8953930940479,0,"i"
"429",440,"i3",43,141,3.38500001023407,1,1,2.08539310842752,1,"i"
"430",441,"i3",43,140,8.96400000618445,0,1,2.69539309665561,0,"i"
"431",442,"i3",43,138,15.8655000910657,1,1,8.58539310283959,0,"i"
"432",443,"i3",43,136,18.7600000917539,1,1,0.0100000004749745,1,"i"
"433",444,"i3",43,135,3.76600000184006,0,1,14.010000001872,0,"i"
"434",445,"i3",43,139,8.85449999284302,0,1,1.20999999926426,0,"i"
"435",446,"i3",43,117,17.4350000793906,1,13,17.7953931037337,0,"i"
"436",447,"i3",43,134,0.75650002075732,1,1,37.8953930921853,0,"i"
"437",448,"i3",44,138,7.99600002098223,1,2,7.69158690236509,0,"i"
"438",449,"i3",44,142,7.31300002263207,0,1,17.5084130838513,0,"i"
"439",450,"i3",44,143,4.77049999874597,0,1,17.9084131028503,0,"i"
"440",451,"i3",44,146,2.9600000113924,0,1,45.4084130935371,0,"i"
"441",452,"i3",44,117,13.4805000223038,1,14,12.9915869329125,0,"i"
"442",453,"i3",44,147,0.43499999533873,1,1,9.99158690683544,0,"i"
"443",454,"i3",44,145,8.24599996213429,0,1,35.3842822252773,0,"i"
"444",455,"i3",44,136,38.9334998015393,1,2,0.315717770718038,0,"i"
"445",456,"i3",44,144,4.17450001005735,0,1,8.39428222971037,0,"i"
"446",457,"i3",45,141,3.74949997253669,1,3,3.38504151441157,0,"i"
"447",458,"i3",45,147,7.48554996798099,1,2,3.99504154920578,0,"i"
"448",459,"i3",45,138,21.623449979742,1,3,9.99504155479372,0,"i"
"449",460,"i3",45,117,13.0105499485571,1,15,18.9850415568799,0,"i"
"450",461,"i3",45,136,82.8875501302677,1,3,0.0155908230226487,0,"i"
"451",462,"i3",46,117,21.6904999845107,1,16,14.7915869019926,0,"i"
"452",463,"i3",46,147,2.02500004026806,1,3,11.3915869034827,0,"i"
"453",464,"i3",46,136,101.882149896342,1,4,-0.00841310247778893,0,"i"
"454",465,"i3",46,148,3.95700002851151,1,1,0.015717773931101,1,"i"
"455",466,"i3",46,134,5.59899998344388,0,4,33.0915869213641,0,"i"
"456",467,"i3",46,149,3.0744999803016,0,1,8.50571776973084,0,"i"
"457",468,"i3",49,141,2.46000001773704,0,7,3.49000000278465,0,"i"
"458",469,"i3",49,136,68.6635000121556,1,7,-0.00841310247778893,0,"i"
"459",470,"i3",49,117,13.2799999626284,1,19,14.5915869157761,0,"i"
"460",471,"i3",49,138,30.4636999860452,1,7,0.00158692710101604,0,"i"
"461",472,"i3",49,147,1.82499998011626,1,6,4.49158693663776,0,"i"
"462",473,"i3",50,158,7.5700000002468,0,1,12.0084130670875,0,"i"
"463",474,"i3",50,159,14.5449999375688,0,1,30.891586933285,0,"i"
"464",475,"i3",50,117,27.1350000360492,1,20,13.2915869355202,0,"i"
"465",476,"i3",50,156,7.69000002125045,1,1,0.0100000004749745,1,"i"
"466",477,"i3",50,136,136.425000167673,1,8,-0.00841310247778893,0,"i"
"467",478,"i3",50,138,58.6300000281818,1,8,3.39158689603209,0,"i"
"468",479,"i3",50,155,11.4400000346382,0,1,4.90841306746006,0,"i"
"469",480,"i3",50,147,8.94499997981591,1,7,2.49158693477511,0,"i"
"470",481,"i3",50,157,1.83000002337387,0,1,6.10841307789087,0,"i"
"471",487,"j22",28,106,7.89999997717096,1,1,27.3084131069481,0,"j"
"472",488,"j22",28,107,2.04000000665197,1,1,28.3915869076736,0,"j"
"473",489,"j22",28,105,1.59000001687324,0,1,23.7084130756557,0,"j"
"474",490,"j22",28,104,5.64499998094514,1,1,15.208413079381,0,"j"
"475",491,"j22",29,106,16.6995999244026,1,2,24.8149584513158,0,"j"
"476",492,"j22",29,110,11.5099999200122,1,1,7.21302246092819,0,"j"
"477",493,"j22",29,107,14.4779298314323,1,2,25.2977260446642,0,"j"
"478",494,"j22",29,104,10.8097036204991,1,2,15.7149584498256,0,"j"
"479",495,"j22",29,108,3.67349997512507,0,1,19.0149584785104,0,"j"
"480",496,"j22",29,109,7.35510000238786,1,1,19.7130224609282,0,"j"
"481",497,"j22",30,109,26.1649999194569,1,2,18.4100000013132,0,"j"
"482",498,"j22",30,106,2.13499996998347,0,3,25.3084131050855,0,"j"
"483",499,"j22",30,112,2.0199999730289,0,1,25.010000000475,0,"j"
"484",500,"j22",30,104,15.6322499712065,1,3,17.9084131028503,0,"j"
"485",501,"j22",30,111,2.40000002367888,1,1,3.50999999791384,0,"j"
"486",502,"j22",30,110,9.92999997588806,1,2,7.90999999735504,0,"j"
"487",503,"j22",30,107,3.04999998298008,1,3,25.8900000015274,0,"j"
"488",504,"j22",31,109,27.5409999466766,1,3,13.0084130913019,0,"j"
"489",505,"j22",31,110,6.57999994520098,1,3,10.2084130921867,0,"j"
"490",506,"j22",31,104,15.5999999702675,1,4,17.5084130838513,0,"j"
"491",507,"j22",31,116,5.42500002349261,0,1,0.00841309083625674,1,"j"
"492",508,"j22",31,111,19.0475000882149,1,2,1.50841309223324,0,"j"
"493",509,"j22",31,113,1.48499998798128,0,1,13.3084130939096,0,"j"
"494",510,"j22",31,114,1.1400000134157,1,1,14.0084130689502,0,"j"
"495",511,"j22",31,117,6.26499997610459,1,1,6.50841309106909,0,"j"
"496",512,"j22",31,115,0.76999997419305,0,1,18.208413105458,0,"j"
"497",513,"j22",31,118,0.43272596536032,1,1,38.158228044631,0,"j"
"498",514,"j22",32,120,1.55999998288229,1,1,11.9899999990594,0,"j"
"499",515,"j22",32,107,2.83500004317379,1,5,29.7900000005029,0,"j"
"500",516,"j22",32,109,30.4650001175143,1,4,13.7099999992643,0,"j"
"501",517,"j22",32,124,2.26000000339467,1,1,20.1100000005681,0,"j"
"502",518,"j22",32,114,6.13499998965766,1,2,8.5084130987525,0,"j"
"503",519,"j22",32,104,18.7549999771919,1,5,18.9084130804986,0,"j"
"504",520,"j22",32,125,1.34499999563675,0,1,23.2915868982673,0,"j"
"505",521,"j22",32,119,1.22500000926666,0,1,6.39000000082888,0,"j"
"506",522,"j22",32,121,1.31000000220723,1,1,1.51000000187196,1,"j"
"507",523,"j22",32,117,8.73500004950678,1,2,7.01000000117347,0,"j"
"508",524,"j22",32,122,2.29999998332933,1,1,13.3099999977276,0,"j"
"509",525,"j22",32,111,6.76500001690816,0,3,6.80999999749474,0,"j"
"510",526,"j22",32,123,2.25999999320833,0,1,34.6915869042277,0,"j"
"511",527,"j22",32,110,7.30499995499151,1,4,6.10999999917112,0,"j"
"512",528,"j22",33,117,9.02550002951804,1,3,8.11000000103377,0,"j"
"513",529,"j22",33,126,0.76999998205109,0,1,1.30735840648413,1,"j"
"514",530,"j22",33,109,48.0490000749405,1,5,11.6099999984726,0,"j"
"515",531,"j22",33,124,7.57400002574338,1,2,20.1100000005681,0,"j"
"516",532,"j22",33,114,39.1320000203101,1,3,7.40735842846334,0,"j"
"517",533,"j22",33,131,5.65250001844484,0,1,29.1900000011083,0,"j"
"518",534,"j22",33,107,30.3784998965483,1,6,20.0899999996182,0,"j"
"519",535,"j22",33,118,16.1114999635019,1,3,37.1900000027381,0,"j"
"520",536,"j22",33,110,8.11699997330853,1,5,6.51000000070781,0,"j"
"521",537,"j22",33,129,1.86999999981606,0,1,2.61000000173226,1,"j"
"522",538,"j22",33,128,1.15000003037276,0,1,8.90999999828637,0,"j"
"523",539,"j22",33,122,7.38949992527091,0,2,13.1099999998696,0,"j"
"524",540,"j22",33,130,1.23499998315005,0,1,2.9099999985192,1,"j"
"525",541,"j22",33,121,2.92999999660999,1,2,0.0100000004749745,1,"j"
"526",542,"j22",33,127,1.28000001914799,0,1,3.5073583945632,0,"j"
"527",543,"j22",33,120,17.917000048606,1,2,4.88999999943189,0,"j"
"528",544,"j22",33,132,2.42700001014932,0,1,32.8900000022259,0,"j"
"529",545,"j22",34,133,0.57750000130851,0,1,2.40999999805354,1,"j"
"530",546,"j22",34,120,1.98000002045184,0,3,7.18999999808148,0,"j"
"531",547,"j22",34,121,7.55249996424187,0,3,0.0100000004749745,1,"j"
"532",548,"j22",34,117,1.13999998838641,0,4,8.71000000042841,0,"j"
"533",549,"j22",34,124,7.9800000132923,1,3,21.809999999823,0,"j"
"534",550,"j22",34,114,13.6900000068149,1,4,2.81000002287328,0,"j"
"535",551,"j22",34,118,8.09999996910337,1,4,33.9900000020862,0,"j"
"536",552,"j22",34,110,6.4007000156254,1,6,6.60999999963678,0,"j"
"537",553,"j22",34,107,24.4450000511785,0,7,20.1899999985471,0,"j"
"538",554,"j22",34,104,9.6500000246684,1,7,18.8099999912083,0,"j"
"539",555,"j22",34,109,24.6699999698158,0,6,12.0100000000093,0,"j"
"540",556,"j22",35,124,15.2599999571778,1,4,20.1100000005681,0,"j"
"541",557,"j22",35,104,3.97500000332948,1,8,19.510000012815,0,"j"
"542",558,"j22",35,118,4.90500007246621,0,5,34.1899999999441,0,"j"
"543",559,"j22",35,114,18.1149999830429,1,5,5.81000000238419,0,"j"
"544",560,"j22",35,110,2.91500002137851,1,7,6.60999999963678,0,"j"
"545",561,"j22",36,136,2.91749999615015,0,1,25.8099999977276,0,"j"
"546",562,"j22",36,110,3.99799997751648,1,8,7.11000000010245,0,"j"
"547",563,"j22",36,114,49.6815001431157,1,6,7.20495847053826,0,"j"
"548",564,"j22",36,139,0.77449999088957,0,1,32.1850415319204,0,"j"
"549",565,"j22",36,137,2.78749996025581,0,1,32.7099999994971,0,"j"
"550",566,"j22",36,138,0.98000001014909,0,1,34.1950415167958,0,"j"
"551",567,"j22",36,135,3.24000000524917,0,1,34.409999998752,0,"j"
"552",568,"j22",36,134,1.65270000699693,0,1,34.1100000019651,0,"j"
"553",569,"j22",36,124,31.1084999707549,1,5,20.7099999999627,0,"j"
"554",570,"j22",37,110,5.54749997663079,1,9,4.3100000009872,0,"j"
"555",571,"j22",37,118,1.04599998324038,0,7,44.5899999991525,0,"j"
"556",572,"j22",37,104,6.25999999929103,1,10,21.0049584507942,0,"j"
"557",573,"j22",37,142,1.7105000046296,1,1,27.1149584557861,0,"j"
"558",574,"j22",37,114,47.4239999304109,1,7,5.4100000008475,0,"j"
"559",575,"j22",37,143,2.04449997323169,0,1,28.3049584832042,0,"j"
"560",576,"j22",37,140,3.27499995353865,0,1,0.0149584840983152,1,"j"
"561",577,"j22",37,141,1.25899999948707,0,1,0.0100000004749745,1,"j"
"562",578,"j22",37,145,0.2499999946449,1,1,16.2549584638327,0,"j"
"563",579,"j22",37,144,1.7500000090804,0,1,45.5850415397435,0,"j"
"564",580,"j22",37,124,20.4969999452908,1,6,23.0099999986123,0,"j"
"565",581,"j22",38,110,6.82999996720348,1,10,4.91000000038184,0,"j"
"566",582,"j22",38,124,31.1549999738042,1,7,21.7100000008941,0,"j"
"567",583,"j22",38,146,2.14000000683824,1,1,0.390000001061708,1,"j"
"568",584,"j22",38,142,3.94000002095941,1,2,31.608413066715,0,"j"
"569",585,"j22",38,104,22.3099999927194,1,11,18.7084130942822,0,"j"
"570",586,"j22",38,114,52.1149999343231,1,8,0.0100000004749745,0,"j"
"571",587,"j22",38,145,0.25000001792796,0,2,15.0484130717814,0,"j"
"572",588,"j22",44,163,4.60999998186948,1,1,27.7100000006612,0,"j"
"573",589,"j22",44,158,2.56500002043555,0,1,0.310000032186508,1,"j"
"574",590,"j22",44,161,2.03000000832137,1,1,48.0900000024121,0,"j"
"575",591,"j22",44,162,2.63500000292901,0,1,30.8100000023842,0,"j"
"576",592,"j22",44,159,2.34500000681262,0,1,3.61000001430511,0,"j"
"577",593,"j22",44,160,19.6750000052154,1,1,16.3100000005215,0,"j"
"578",594,"j22",50,191,2.37500003963942,1,1,47.6899999659508,0,"j"
"579",595,"j22",50,193,2.38499997394159,1,1,22.0900000073016,0,"j"
"580",596,"j22",50,192,1.06500000600005,1,1,39.8900000029244,0,"j"
"581",597,"j22",50,190,3.52000001220265,1,1,36.7099999974016,0,"j"
"582",598,"j22",50,194,4.48000002743676,0,1,3.88999999850057,0,"j"
"583",604,"j9",20,91,3.28499995815568,0,1,0.410000002011657,1,"j"
"584",605,"j9",20,92,4.28499998883111,0,1,14.3099999986589,0,"j"
"585",606,"j9",28,157,1.73800003448315,0,1,13.3910547010601,0,"j"
"586",607,"j9",28,156,5.02999998713378,1,1,14.6130224573426,0,"j"
"587",608,"j9",28,155,2.6004999830625,0,1,12.5130224623717,0,"j"
"588",609,"j9",28,154,1.85400001599127,0,1,7.90894529782236,0,"j"
"589",610,"j9",29,156,2.57999997849577,1,2,11.109999998007,0,"j"
"590",611,"j9",29,164,1.11499999736203,0,1,3.49158691242337,1,"j"
"591",612,"j9",29,160,0.51999999671942,1,1,28.3100000000559,0,"j"
"592",613,"j9",29,167,0.694999986568,0,1,0.191586930304766,1,"j"
"593",614,"j9",29,158,1.61000003053108,1,1,17.7900000009686,0,"j"
"594",615,"j9",29,159,0.94149998891307,0,1,19.5899999991525,0,"j"
"595",616,"j9",29,161,0.96999998213258,0,1,17.090000002645,0,"j"
"596",617,"j9",29,162,0.82999998978805,1,1,28.3100000000559,0,"j"
"597",618,"j9",29,166,2.20999996546656,1,1,1.09158693812788,1,"j"
"598",619,"j9",29,165,0.87499999755528,1,1,3.19158690981567,1,"j"
"599",620,"j9",29,163,1.75499998510815,0,1,28.7915869150311,0,"j"
"600",621,"j9",30,156,1.16999999472871,0,3,12.3084130871575,0,"j"
"601",622,"j9",30,162,0.72000000640517,0,2,24.5084130903706,0,"j"
"602",623,"j9",30,160,0.45999998578103,0,2,26.8084130890202,0,"j"
"603",624,"j9",31,169,0.64450000054273,0,1,9.50841308804229,0,"j"
"604",625,"j9",31,170,1.18799996442441,0,1,11.0084130894393,0,"j"
"605",626,"j9",31,158,1.29600001036515,0,3,20.4915869107936,0,"j"
"606",627,"j9",31,166,2.67100005180901,1,3,-0.0146069098263979,1,"j"
"607",628,"j9",31,168,3.81449998345529,1,1,7.20841308939271,0,"j"
"608",629,"j9",31,165,0.94200000386173,0,3,6.68539311736822,0,"j"
"609",630,"j9",32,171,1.01999998950167,0,1,15.6095336889848,0,"j"
"610",631,"j9",32,168,2.67499999508727,0,2,8.40953369042836,0,"j"
"611",632,"j9",32,166,6.84500005914131,1,4,0.289999973028898,1,"j"
"612",633,"j9",33,172,9.26499993338017,0,1,16.3100000005215,0,"j"
"613",634,"j9",33,166,2.23999999363674,0,5,1.28999999724329,1,"j"
"614",635,"j9",35,174,2.18000000772765,1,1,34.789999993518,0,"j"
"615",636,"j9",35,173,4.14499997582287,1,1,26.0100000014063,0,"j"
"616",637,"j9",35,175,5.2799999363767,1,1,19.6100000001024,0,"j"
"617",638,"j9",35,176,2.74000000300817,0,1,16.4899999741465,0,"j"
"618",639,"j9",35,177,0.99999998963904,0,1,0.0100000004749745,1,"j"
"619",640,"j9",35,178,2.53000000546919,1,1,1.70999999972992,1,"j"
"620",641,"j9",36,182,3.23850001625344,1,1,30.0950415432453,0,"j"
"621",642,"j9",36,179,3.53500005990267,0,1,13.4915869100951,0,"j"
"622",643,"j9",36,184,1.9129999989823,1,1,1.4850415289402,1,"j"
"623",644,"j9",36,178,6.70759994783448,1,2,-0.00495845451951027,1,"j"
"624",645,"j9",36,183,3.08800000058883,0,1,30.2950415294617,0,"j"
"625",646,"j9",36,173,13.0305000065935,1,2,24.2084130877629,0,"j"
"626",647,"j9",36,181,3.39150001611933,0,1,34.4950415194035,0,"j"
"627",648,"j9",36,180,4.57800000752602,1,1,13.591586909024,0,"j"
"628",649,"j9",36,175,5.37650000910647,0,2,19.4084130926058,0,"j"
"629",650,"j9",36,174,2.5379999929287,1,2,35.9915869077668,0,"j"
"630",651,"j9",37,185,0.2499999946449,0,1,4.75158690824173,0,"j"
"631",652,"j9",37,180,5.6809999961229,0,2,15.8915869076736,0,"j"
"632",653,"j9",37,178,2.58999998293817,0,3,0.00841309083625674,1,"j"
"633",654,"j9",37,182,8.1074999862886,0,2,29.7953931149095,0,"j"
"634",655,"j9",37,173,25.0744999344049,1,3,24.5084130903706,0,"j"
"635",656,"j9",37,174,9.087499959243,0,3,34.9915869126562,0,"j"
"636",657,"j9",37,184,3.09799996830221,0,2,-0.00460688024759293,1,"j"
"637",658,"j9",38,173,37.7944999123465,1,4,23.410000000149,0,"j"
"638",659,"j9",38,188,4.88999999624444,0,1,13.6853931006044,0,"j"
"639",660,"j9",38,187,4.40849999418925,0,1,7.0899999991525,0,"j"
"640",661,"j9",38,189,4.62050000923499,1,1,7.28539312258363,0,"j"
"641",662,"j9",38,186,1.63500005164882,0,1,12.2099999978673,0,"j"
"642",663,"k1",19,131,1.31999999151565,0,1,0,1,"k"
"643",664,"k1",19,130,1.13499998587416,0,1,35.4000000283122,0,"k"
"644",665,"k1",19,132,2.01000000292901,0,1,30.9000000008382,0,"k"
"645",666,"k1",19,129,4.06000002391869,1,1,34.5999999903142,0,"k"
"646",667,"k1",19,128,2.66499996299623,0,1,33.600000012666,0,"k"
"647",668,"k1",19,134,3.99800004023523,0,1,35.899999999674,0,"k"
"648",669,"k1",19,135,8.71500003451016,1,1,2.60000000125729,0,"k"
"649",670,"k1",19,133,1.21500001064502,0,1,30.3000000014435,0,"k"
"650",671,"k1",19,127,0.83499999957625,0,1,28.3000000286847,0,"k"
"651",672,"k1",19,123,0.98500002051936,0,1,18.5000000055879,0,"k"
"652",673,"k1",19,124,1.27000002489192,0,1,20.8000000100583,0,"k"
"653",674,"k1",19,126,0.48499999601394,0,1,26.8000000156462,0,"k"
"654",675,"k1",19,136,0.67500000387663,0,1,16.399999987334,0,"k"
"655",676,"k1",19,121,0.82999999881024,1,1,14.5000000018626,0,"k"
"656",677,"k1",19,137,1.69999998366693,0,1,14.0999999828637,0,"k"
"657",678,"k1",19,125,0.68000000871718,0,1,24.0000000223517,0,"k"
"658",679,"k1",19,138,2.30999996856321,0,1,13.1000000052154,0,"k"
"659",680,"k1",19,122,2.59000000272878,1,1,18.0000000167638,0,"k"
"660",681,"k1",20,141,1.26000002248678,1,1,15.4899999964982,0,"k"
"661",682,"k1",20,139,1.0550000073784,0,1,5.80841309274547,0,"k"
"662",683,"k1",20,140,0.94499998325016,0,1,0.989999994635582,1,"k"
"663",684,"k1",20,129,6.9899999888055,1,2,34.8900000099093,0,"k"
"664",685,"k1",20,135,2.56500000908505,1,2,6.20841308846138,0,"k"
"665",686,"k1",21,129,11.0135000759338,0,3,34.1955029405653,0,"k"
"666",687,"k1",21,142,1.49200000281981,0,1,1.39158691163175,1,"k"
"667",688,"k1",21,122,3.02399999576062,1,3,18.4855029452592,0,"k"
"668",689,"k1",24,122,17.1004999672301,0,6,15.9958544652909,0,"k"
"669",690,"k1",24,135,7.07599997922172,0,6,5.4100000008475,0,"k"
"670",691,"k1",24,145,0.60399999634619,0,3,6.40414552763104,0,"k"
"671",692,"k1",24,121,38.0020000445442,1,6,7.98585447482765,0,"k"
"672",693,"k1",24,146,10.4475000266486,0,3,11.6858544759452,0,"k"
"673",694,"k1",24,141,3.00750000362285,0,5,7.78585448861122,0,"k"
"674",695,"k1",25,177,0.92604999498329,1,1,11.5999999921769,0,"k"
"675",696,"k1",25,175,3.34190003285711,0,1,1.6952020698227,1,"k"
"676",697,"k1",25,121,1.65424997978657,1,7,14.1600000206381,0,"k"
"677",698,"k1",25,176,2.58075001078495,0,1,6.86520207091235,0,"k"
"678",699,"k1",26,178,1.10999999921536,0,1,-0.00841309083625674,1,"k"
"679",700,"k1",26,177,0.20699998974521,0,2,7.07000000402331,0,"k"
"680",701,"k1",26,121,8.84499994866317,0,8,11.8900000117719,0,"k"
"681",702,"k1",28,179,5.23454994140151,0,1,11.2562648602761,0,"k"
"682",703,"k1",31,180,2.35250000409083,0,1,7.50735839828849,0,"k"
"683",704,"k1",31,181,3.39904999419376,0,1,12.5073583971243,0,"k"
"684",705,"k1",31,182,4.50200002172682,1,1,20.0073583982885,0,"k"
"685",706,"k1",31,183,4.28450000755559,0,1,13.0926416022703,0,"k"
"686",707,"k1",32,185,2.43449998920853,0,1,3.78620605915785,0,"k"
"687",708,"k1",32,184,2.47950000756956,1,1,32.5962060596794,0,"k"
"688",709,"k1",32,182,13.396499992671,1,2,19.3099999974947,0,"k"
"689",710,"k1",35,186,10.9339999847082,1,3,20.686206035316,0,"k"
"690",711,"k1",35,182,17.1310000175957,1,5,20.0084130920004,0,"k"
"691",712,"k1",36,186,5.99999994627433,1,4,27.8900000266731,0,"k"
"692",713,"k1",36,182,11.2050000076578,1,6,20.7099999999627,0,"k"
"693",714,"k1",36,196,0.72000000553206,0,1,0.00999998301267624,1,"k"
"694",715,"k1",37,182,13.0390000779487,1,7,21.5099999972153,0,"k"
"695",716,"k1",37,197,5.14749996564118,0,1,0.185502972453833,1,"k"
"696",717,"k1",37,186,2.6159999699248,1,5,29.7955029644072,0,"k"
"697",718,"k1",44,207,2.32150000935327,0,1,-0.0146069331094623,1,"k"
"698",719,"l1",21,21,2.14250002046349,0,1,1.82999999960884,1,"l"
"699",720,"l3",19,84,0.75554998492757,0,1,0.741201679920778,1,"l"
"700",721,"l3",19,80,0.71354998466307,0,1,22.6699999999255,0,"l"
"701",722,"l3",19,81,1.00695001998516,0,1,22.1899999771267,0,"l"
"702",723,"l3",19,83,0.64965000807508,0,1,14.7112016798928,0,"l"
"703",724,"l3",19,85,0.74585002478058,0,1,6.8912016809918,0,"l"
"704",725,"l3",19,82,0.81264998124228,0,1,10.6112016772386,0,"l"
"705",726,"l3",23,91,1.85999994502403,1,1,14.9915869347751,0,"l"
"706",727,"l3",23,95,0.90000001797453,0,1,8.49158689379692,0,"l"
"707",728,"l3",23,90,0.2550000029779,0,1,41.8899999989662,0,"l"
"708",729,"l3",23,96,0.85999997633975,1,1,7.29158692993224,0,"l"
"709",730,"l3",23,89,1.37000003264518,1,1,41.1900000006426,0,"l"
"710",731,"l3",23,94,1.20999999911059,0,1,10.3915869258344,0,"l"
"711",732,"l3",23,88,0.77500002705492,0,1,37.8900000010617,0,"l"
"712",733,"l3",23,86,1.37999996840255,1,1,30.1084131002426,0,"l"
"713",734,"l3",23,87,1.47499998877756,1,1,36.0084130894393,0,"l"
"714",735,"l3",23,92,1.06999999861699,1,1,11.6915869060904,0,"l"
"715",736,"l3",23,93,2.16499998272862,1,1,10.6915869284421,0,"l"
"716",737,"l3",24,92,14.4600000709389,1,2,10.7915868982673,0,"l"
"717",738,"l3",24,106,1.22499999151332,0,1,4.49158693663776,0,"l"
"718",739,"l3",24,102,0.77000001377426,1,1,18.2915869168937,0,"l"
"719",740,"l3",24,103,0.88000001607463,1,1,17.3915869090706,0,"l"
"720",741,"l3",24,101,1.11500002588378,1,1,19.0915869083256,0,"l"
"721",742,"l3",24,98,0.50000001257285,1,1,24.2900000012014,0,"l"
"722",743,"l3",24,100,0.99000000847969,0,1,22.6915868930519,0,"l"
"723",744,"l3",24,89,8.62999999413034,1,2,38.890000001993,0,"l"
"724",745,"l3",24,105,0.15999999657273,0,1,5.891586933285,0,"l"
"725",746,"l3",24,86,5.69500000839587,1,2,26.008413080126,0,"l"
"726",747,"l3",24,91,1.20000001387671,0,2,12.4915868975222,0,"l"
"727",748,"l3",24,99,0.52999999446794,0,1,24.0915869362652,0,"l"
"728",749,"l3",24,96,11.1999999588704,1,2,5.59158693067729,0,"l"
"729",750,"l3",24,97,0.3450000013411,1,1,18.4899999992922,0,"l"
"730",751,"l3",24,93,28.4549999853642,1,2,6.29158690571785,0,"l"
"731",752,"l3",24,87,2.9399999859184,0,2,36.1084131058306,0,"l"
"732",753,"l3",24,104,0.17499999392312,1,1,15.5915868934244,0,"l"
"733",754,"l3",28,104,1.4450000138674,0,5,9.99158690683544,0,"l"
"734",755,"l3",28,114,0.9649999927171,1,4,12.2900000016671,0,"l"
"735",756,"l3",28,103,108.750000021537,1,5,3.89158693142235,0,"l"
"736",757,"l3",28,98,53.4799998819467,1,5,16.8899999989662,0,"l"
"737",758,"l3",28,86,41.2150000900984,1,6,18.6084130778909,0,"l"
"738",759,"l3",28,93,48.9549999790196,1,6,4.09158691763878,0,"l"
"739",760,"l3",28,102,9.3199999674177,1,5,16.6915869340301,0,"l"
"740",761,"l3",28,97,30.1449998554494,1,5,14.6899999992456,0,"l"
"741",762,"l3",28,109,1.0199999688379,0,4,5.10841310024261,0,"l"
"742",763,"l3",28,110,17.0600000717072,0,4,7.80841307714581,0,"l"
"743",764,"l3",28,108,39.2599999637552,1,4,0.208413088694215,0,"l"
"744",765,"l3",28,96,7.6599999590288,0,6,0.791586935520172,1,"l"
"745",766,"l3",28,111,30.0850000421261,1,4,0.390000001061708,0,"l"
"746",767,"l3",28,89,59.9749999830731,1,6,34.0900000010151,0,"l"
"747",768,"l3",29,102,1.5293000232143,0,6,22.9915868956596,0,"l"
"748",769,"l3",29,114,1.2640000143684,0,5,11.2942822277546,0,"l"
"749",770,"l3",29,111,96.31250018836,1,5,-0.105717772385105,0,"l"
"750",771,"l3",29,98,63.2259998921896,1,6,9.49158691801131,0,"l"
"751",772,"l3",29,93,94.7995001462632,1,7,6.69158692471683,0,"l"
"752",773,"l3",29,108,12.890000074883,1,5,0.408413074910641,1,"l"
"753",774,"l3",29,160,9.1060000240393,1,1,-0.00841310247778893,1,"l"
"754",775,"l3",29,86,1.4639999997234,0,7,21.1084130685776,0,"l"
"755",776,"l3",29,103,153.584500161171,1,6,-0.00841310247778893,0,"l"
"756",777,"l3",29,158,4.0509999762066,1,1,18.4842822258361,0,"l"
"757",778,"l3",29,97,48.5064998674966,1,6,10.594282229431,0,"l"
"758",779,"l3",29,89,98.2199998305016,1,7,27.3942822299432,0,"l"
"759",780,"l3",29,156,9.7510000251825,1,1,13.1942822306883,0,"l"
"760",781,"l3",29,157,5.9039999838956,1,1,15.4942822293378,0,"l"
"761",782,"l3",29,155,1.2600000131736,1,1,5.29428222798742,0,"l"
"762",783,"l3",29,159,2.3799999988452,0,1,0.015717773931101,1,"l"
"763",784,"l3",30,98,45.4090000169668,1,7,13.3926415815949,0,"l"
"764",785,"l3",30,103,99.2160499814081,1,7,-0.00735842622816563,0,"l"
"765",786,"l3",30,97,36.2585000793296,1,7,10.4915869073011,0,"l"
"766",787,"l3",30,155,1.6950000192807,1,2,7.09158690879121,0,"l"
"767",788,"l3",30,162,1.0399999893643,1,1,-0.00841309083625674,1,"l"
"768",789,"l3",30,163,2.6344999888826,0,1,4.50735841877759,0,"l"
"769",790,"l3",30,164,2.5935000355411,0,1,2.59158691042103,1,"l"
"770",791,"l3",30,165,1.4805000158136,1,1,7.59264160878956,0,"l"
"771",792,"l3",30,89,83.8179999918203,1,8,23.6915869114455,0,"l"
"772",793,"l3",30,93,172.407999834595,1,8,2.88264160044491,0,"l"
"773",794,"l3",30,111,83.6850001043616,1,6,0.291586911771446,0,"l"
"774",795,"l3",30,160,3.6015000120285,1,2,-0.00841309083625674,1,"l"
"775",796,"l3",30,108,22.5299999257247,1,6,0.307358428835869,0,"l"
"776",797,"l3",30,161,2.7299999933271,0,1,0.307358428835869,1,"l"
"777",798,"l3",31,89,97.1450001685484,1,9,21.8899999978021,0,"l"
"778",799,"l3",31,168,1.1425000373728,0,1,-0.00841310247778893,1,"l"
"779",800,"l3",31,157,1.5000000214204,0,3,19.2900000023656,0,"l"
"780",801,"l3",31,103,95.5945002936125,1,8,-0.00841310247778893,0,"l"
"781",802,"l3",31,167,1.1850000162353,0,1,0.0100000004749745,1,"l"
"782",803,"l3",31,162,0.9599999736156,0,2,0.19000000320375,1,"l"
"783",804,"l3",31,165,0.8750000286964,0,2,10.5915869120508,0,"l"
"784",805,"l3",31,166,1.1999999809894,1,1,1.11000000033528,1,"l"
"785",806,"l3",31,108,28.3050000610459,1,7,2.10841307416558,0,"l"
"786",807,"l3",31,111,130.52200009464,1,7,0.390000001061708,0,"l"
"787",808,"l3",31,155,2.6600000227661,0,3,7.10841310210526,0,"l"
"788",809,"l3",31,93,346.293000053852,1,9,-0.00841310247778893,0,"l"
"789",810,"l3",31,97,75.240000153475,1,8,11.3899999996647,0,"l"
"790",811,"l3",31,158,1.6950000003632,0,3,24.989999999525,0,"l"
"791",812,"l3",31,156,6.270000018198,0,3,17.6900000020396,0,"l"
"792",813,"l3",31,98,3.2240000315235,0,8,12.1915868949145,0,"l"
"793",814,"l3",31,160,1.4449999987334,0,3,0.191586930304766,1,"l"
"794",815,"l3",32,89,102.340999978522,1,10,23.9915869082324,0,"l"
"795",816,"l3",32,166,16.1785000219624,1,2,0.308413087623194,1,"l"
"796",817,"l3",32,111,73.8700000196067,1,8,-0.00841309083625674,0,"l"
"797",818,"l3",32,97,23.4915000185466,1,9,8.5915869101882,0,"l"
"798",819,"l3",32,103,91.6654999118792,1,9,-0.00735842622816563,0,"l"
"799",820,"l3",32,108,12.8785000257401,1,8,0.707358401268721,0,"l"
"800",821,"l3",32,93,291.622999839506,1,10,-0.00735842622816563,0,"l"
"801",822,"l3",33,111,130.742899806193,1,9,-0.015717773931101,0,"l"
"802",823,"l3",33,166,7.2204999840718,1,3,0.015717773931101,1,"l"
"803",824,"l3",33,97,11.9814000943922,1,10,12.5942822254729,0,"l"
"804",825,"l3",33,108,9.4874500008742,0,9,3.00460690632463,0,"l"
"805",826,"l3",33,103,43.0620499333094,1,10,14.0853931196034,0,"l"
"806",827,"l3",33,93,213.062950122483,1,11,-0.0146069098263979,0,"l"
"807",828,"l3",33,89,114.587950011818,1,11,26.0942822264042,0,"l"
"808",829,"l3",34,89,34.8460000755927,1,12,28.4869775408879,0,"l"
"809",830,"l3",34,103,15.7330000198056,1,11,28.4869775408879,0,"l"
"810",831,"l3",34,166,4.3230499900883,1,4,0.0130224623717368,1,"l"
"811",832,"l3",34,97,8.1169999644028,1,11,13.3869775396306,0,"l"
"812",833,"l3",34,111,76.5594499945589,1,10,-0.0130224623717368,0,"l"
"813",834,"l3",34,93,159.481899972815,1,12,-0.0149584840983152,0,"l"
"814",835,"l3",35,89,33.9970500904655,1,13,20.9869775397237,0,"l"
"815",836,"l3",35,111,38.7924999306374,1,11,0.296977540710941,0,"l"
"816",837,"l3",35,93,90.028799845808,1,13,-0.00495845451951027,0,"l"
"817",838,"l3",35,103,3.85745001989878,1,12,28.1950415112078,0,"l"
"818",839,"l3",35,97,8.79945005175839,1,12,13.2869775407016,0,"l"
"819",840,"l3",36,103,21.9559499227066,1,13,27.9869775404222,0,"l"
"820",841,"l3",36,111,90.0896001457653,1,12,-0.00302246189676225,0,"l"
"821",842,"l3",36,169,1.210950010173,0,1,29.5850415248424,0,"l"
"822",843,"l3",36,93,186.792800077524,1,14,-0.0149584840983152,0,"l"
"823",844,"l3",36,97,21.5974500192398,1,13,12.1869775408413,0,"l"
"824",845,"l3",36,89,69.6197499600365,1,14,19.1869775415398,0,"l"
"825",846,"l3",36,166,3.2019999846136,0,6,0.704958476126194,1,"l"
"826",847,"l3",37,89,73.1624999512045,1,15,18.5899999982212,0,"l"
"827",848,"l3",37,93,198.050499867049,1,15,-0.0149584840983152,0,"l"
"828",849,"l3",37,111,110.112500259117,1,13,0.19000000320375,0,"l"
"829",850,"l3",37,103,20.9215000347435,1,14,26.490000000922,0,"l"
"830",851,"l3",37,97,25.1720000144473,1,14,10.989999998128,0,"l"
"831",852,"l3",44,287,5.19500004559057,1,1,2.39158691838384,0,"l"
"832",853,"l3",44,286,2.28500002177665,1,1,0.90841306373477,1,"l"
"833",854,"l3a",30,39,6.72000000332016,1,1,34.3084130901843,0,"l"
"834",855,"l3a",30,37,5.68499999842374,1,1,13.8084130827338,0,"l"
"835",856,"l3a",30,35,3.17500000533182,1,1,0.0100000004749745,1,"l"
"836",857,"l3a",30,38,1.26000000153203,1,1,2.21000000019558,1,"l"
"837",858,"l3a",30,36,1.47499997568084,1,1,3.11000000219792,1,"l"
"838",859,"l3a",31,52,1.4550000002654,1,1,44.8915868997574,0,"l"
"839",860,"l3a",31,42,1.8749999906868,1,1,7.00841308571398,0,"l"
"840",861,"l3a",31,63,9.8909999582134,1,1,25.7099999987986,0,"l"
"841",862,"l3a",31,46,0.9349999869568,0,1,30.7099999976344,0,"l"
"842",863,"l3a",31,62,0.8999999944004,0,1,31.6099999996368,0,"l"
"843",864,"l3a",31,35,4.5400000645686,1,2,2.60841306298971,0,"l"
"844",865,"l3a",31,45,0.8300000153994,0,1,43.8099999970291,0,"l"
"845",866,"l3a",31,65,1.1199999917252,0,1,11.8915869388729,0,"l"
"846",867,"l3a",31,66,1.4549999979371,0,1,12.0915869250894,0,"l"
"847",868,"l3a",31,38,13.719999942435,1,2,1.90999999758787,0,"l"
"848",869,"l3a",31,64,0.8650000111572,1,1,22.8100000007544,0,"l"
"849",870,"l3a",31,41,5.6300000118255,1,1,5.90841309167445,0,"l"
"850",871,"l3a",31,55,1.204999979136,0,1,16.8100000009872,0,"l"
"851",872,"l3a",31,43,1.4249999688938,0,1,29.4099999999162,0,"l"
"852",873,"l3a",31,44,4.6049999956554,0,1,32.2099999990314,0,"l"
"853",874,"l3a",31,58,0.7749999996973,0,1,37.0915869250894,0,"l"
"854",875,"l3a",31,59,1.0799999663886,0,1,32.7099999994971,0,"l"
"855",876,"l3a",31,47,1.7649999883864,0,1,37.7099999983329,0,"l"
"856",877,"l3a",31,48,14.9099999742792,1,1,31.8099999974947,0,"l"
"857",878,"l3a",31,49,1.9899999914248,0,1,19.2099999985658,0,"l"
"858",879,"l3a",31,50,1.8999999988824,0,1,21.6100000019651,0,"l"
"859",880,"l3a",31,51,1.5750000125379,1,1,44.7099999990314,0,"l"
"860",881,"l3a",31,56,0.8899999995623,0,1,40.391586907208,0,"l"
"861",882,"l3a",31,39,21.5900000101795,1,2,31.0084130614996,0,"l"
"862",883,"l3a",31,40,1.2999999814667,1,1,1.70841310173273,1,"l"
"863",884,"l3a",31,54,0.8700000061025,0,1,42.1915869228542,0,"l"
"864",885,"l3a",31,60,0.6499999869498,0,1,36.3100000016857,0,"l"
"865",886,"l3a",31,57,1.424999985774,1,1,39.8915869183838,0,"l"
"866",887,"l3a",31,36,8.5099999766192,1,2,0.308413105085492,0,"l"
"867",888,"l3a",31,37,10.7199999854504,1,2,10.6084130704403,0,"l"
"868",889,"l3a",31,61,1.054999989334,1,1,35.0915869232267,0,"l"
"869",890,"l3a",31,53,1.1650000032759,0,1,41.7100000020582,0,"l"
"870",891,"l3a",32,41,9.9794999789023,1,2,4.60495846346021,0,"l"
"871",892,"l3a",32,73,1.8915000364629,1,1,34.3899999978021,0,"l"
"872",893,"l3a",32,35,12.4019999156899,0,3,0.314958486706018,1,"l"
"873",894,"l3a",32,79,0.8595000296396,0,1,-0.0149584840983152,1,"l"
"874",895,"l3a",32,36,30.7039999593669,1,3,0.309999997261912,0,"l"
"875",896,"l3a",32,42,1.9634999849785,1,2,2.00495845638216,0,"l"
"876",897,"l3a",32,38,19.2865000102485,1,3,0.0100000004749745,1,"l"
"877",898,"l3a",32,67,1.1600000199722,0,1,32.4049584567547,0,"l"
"878",899,"l3a",32,68,1.6000000309199,1,1,28.3899999980349,0,"l"
"879",900,"l3a",32,39,39.5925000299455,1,3,26.4049584511667,0,"l"
"880",901,"l3a",32,40,3.3729499913069,0,2,-0.0250415410846472,1,"l"
"881",902,"l3a",32,71,1.1700000081165,0,1,43.8149584457278,0,"l"
"882",903,"l3a",32,72,1.3350000086566,1,1,45.2049584593624,0,"l"
"883",904,"l3a",32,77,1.0049999918602,1,1,0.685041537508368,1,"l"
"884",905,"l3a",32,74,1.0900000144867,1,1,24.4850415270776,0,"l"
"885",906,"l3a",32,75,1.413999984409,1,1,22.0850415527821,0,"l"
"886",907,"l3a",32,76,1.2565000084464,1,1,2.58504152297974,1,"l"
"887",908,"l3a",32,51,4.4855000322084,1,2,42.9100000008475,0,"l"
"888",909,"l3a",32,37,19.4215001152155,1,3,7.70495845936239,0,"l"
"889",910,"l3a",32,63,54.0645000902373,1,2,18.7099999981001,0,"l"
"890",911,"l3a",32,48,50.544000090269,1,2,28.1100000021979,0,"l"
"891",912,"l3a",32,78,1.2235000207948,1,1,0.0950415153056383,1,"l"
"892",913,"l3a",32,69,1.3984999771158,1,1,21.9900000025518,0,"l"
"893",914,"l3a",32,70,1.2799999865517,1,1,41.71495847404,0,"l"
"894",915,"l3a",32,61,15.7980000214982,1,2,36.0950415488333,0,"l"
"895",916,"l3a",32,52,1.7621000269063,0,2,40.3850415255874,0,"l"
"896",917,"l3a",32,57,1.3400000349758,0,2,40.3850415255874,0,"l"
"897",918,"l3a",33,63,40.2599999702745,1,3,20.9099999978207,0,"l"
"898",919,"l3a",33,74,1.00000002630986,1,2,27.9915869235992,0,"l"
"899",920,"l3a",33,75,11.8050000506849,1,2,18.391586933285,0,"l"
"900",921,"l3a",33,81,1.80999999557156,1,1,13.6084130965173,0,"l"
"901",922,"l3a",33,64,0.96000000854023,0,3,21.89158690162,0,"l"
"902",923,"l3a",33,78,5.15639998939135,1,2,-0.00841310247778893,1,"l"
"903",924,"l3a",33,80,1.42999997809995,0,1,8.2084130961448,0,"l"
"904",925,"l3a",33,39,57.4574998012581,1,4,28.5084130708128,0,"l"
"905",926,"l3a",33,41,35.1300001016981,1,3,0.208413088694215,0,"l"
"906",927,"l3a",33,42,18.6899998534378,1,3,3.70841310359538,0,"l"
"907",928,"l3a",33,38,47.9510000057644,1,4,0.0100000004749745,0,"l"
"908",929,"l3a",33,51,1.5000000144355,1,3,47.6900000008754,0,"l"
"909",930,"l3a",33,61,59.7199999070448,1,3,35.9915869310498,0,"l"
"910",931,"l3a",33,72,2.3949999920628,1,2,42.5084130838513,0,"l"
"911",932,"l3a",33,48,93.614999837873,1,3,24.2099999974016,0,"l"
"912",933,"l3a",33,69,13.4449999474524,1,2,19.2900000023656,0,"l"
"913",934,"l3a",33,70,2.03000002520159,1,2,39.3084130715579,0,"l"
"914",935,"l3a",33,37,6.65000000278233,0,4,21.4084130711854,0,"l"
"915",936,"l3a",33,68,21.1349999850011,1,2,24.2900000012014,0,"l"
"916",937,"l3a",33,86,1.24999997322448,1,1,22.2899999993388,0,"l"
"917",938,"l3a",33,36,59.8949999615037,1,4,0.308413105085492,0,"l"
"918",939,"l3a",33,82,1.69000000425382,0,1,16.4084130898118,0,"l"
"919",940,"l3a",33,76,12.5350000068173,1,2,1.591586926952,0,"l"
"920",941,"l3a",33,77,7.38999999857275,1,2,1.69158689677715,0,"l"
"921",942,"l3a",33,85,1.07499997609993,0,1,18.1900000025053,0,"l"
"922",943,"l3a",33,83,1.03500000431435,0,1,22.9899999976624,0,"l"
"923",944,"l3a",33,73,12.3049999931175,1,2,28.4900000027847,0,"l"
"924",945,"l3a",33,84,3.1150000077812,1,1,25.6899999978486,0,"l"
"925",946,"l3a",34,86,1.89150001574098,1,2,19.2900000023656,0,"l"
"926",947,"l3a",34,51,2.24999996897532,0,4,44.3146069068462,0,"l"
"927",948,"l3a",34,61,54.6245001640981,1,4,35.1900000008754,0,"l"
"928",949,"l3a",34,63,33.6474999640696,1,4,19.2099999985658,0,"l"
"929",950,"l3a",34,48,126.446999987835,1,4,20.8099999988917,0,"l"
"930",951,"l3a",34,38,24.1094999719267,1,5,0.0100000004749745,1,"l"
"931",952,"l3a",34,39,4.84950001346833,1,5,29.7146068885922,0,"l"
"932",953,"l3a",34,41,1.10589997967556,0,4,3.11460690572858,1,"l"
"933",954,"l3a",34,68,5.85050000768434,1,3,27.990000002319,0,"l"
"934",955,"l3a",34,78,6.98664992993036,1,3,-0.00460688024759293,1,"l"
"935",956,"l3a",34,81,2.73450003447081,1,2,10.8046068809927,0,"l"
"936",957,"l3a",34,84,1.4449999789428,1,2,24.989999999525,0,"l"
"937",958,"l3a",34,42,8.5054999399865,1,4,5.10460687801242,0,"l"
"938",959,"l3a",34,72,4.89949997796747,1,3,42.6046068780124,0,"l"
"939",960,"l3a",34,69,6.57349996085255,1,3,22.3899999982677,0,"l"
"940",961,"l3a",34,70,1.9420000674827,1,3,40.0046068709344,0,"l"
"941",962,"l3a",34,76,9.96250004763133,1,3,0.0953930895775557,0,"l"
"942",963,"l3a",34,77,8.74850005428167,1,3,-0.00460688024759293,0,"l"
"943",964,"l3a",34,36,94.8991998242125,1,5,0.00460688024759293,0,"l"
"944",965,"l3a",34,73,13.8815000435456,1,3,25.6899999978486,0,"l"
"945",966,"l3a",34,75,3.87999999255873,1,3,19.2853930871934,0,"l"
"946",967,"l3a",35,36,45.1655001858336,1,6,0.208413088694215,0,"l"
"947",968,"l3a",35,73,2.69999997999985,1,4,35.7900000002701,0,"l"
"948",969,"l3a",35,74,1.44999999775318,1,4,31.2915869057178,0,"l"
"949",970,"l3a",35,75,4.08000003716909,1,4,21.0915869101882,0,"l"
"950",971,"l3a",35,38,9.55500002379296,1,6,0.0100000004749745,1,"l"
"951",972,"l3a",35,76,9.56000001961132,1,4,2.19158693216741,0,"l"
"952",973,"l3a",35,39,6.75000000180444,1,6,26.2084130663425,0,"l"
"953",974,"l3a",35,42,7.79999997145496,1,5,3.6084130872041,0,"l"
"954",975,"l3a",35,48,36.6450000861264,1,5,26.3099999981932,0,"l"
"955",976,"l3a",35,61,34.9500000598607,1,5,36.5915869362652,0,"l"
"956",977,"l3a",35,63,15.3200000030408,1,5,15.9099999989849,0,"l"
"957",978,"l3a",35,68,3.02500000214204,1,4,29.7084130812436,0,"l"
"958",979,"l3a",35,77,12.2110000134665,1,4,0.00158692710101604,0,"l"
"959",980,"l3a",35,69,4.59499999499647,1,4,20.0899999996182,0,"l"
"960",981,"l3a",35,72,1.98499999677064,1,4,46.8084130901843,0,"l"
"961",982,"l3a",35,88,1.92000003512483,1,1,29.8915869090706,0,"l"
"962",983,"l3a",35,90,1.46999998451909,1,1,13.3915869053453,0,"l"
"963",984,"l3a",35,78,3.17249996958766,0,4,0.591586902737617,1,"l"
"964",985,"l3a",35,87,0.77000003210967,0,1,32.0915868971497,0,"l"
"965",986,"l3a",35,89,1.54000000775792,1,1,16.7915869038552,0,"l"
"966",987,"l3a",36,94,1.28500003999565,1,1,2.50841309316456,1,"l"
"967",988,"l3a",36,76,21.52500008957,1,5,-0.00841310247778893,0,"l"
"968",989,"l3a",36,77,21.589499898053,1,5,0.00158692710101604,0,"l"
"969",990,"l3a",36,81,3.47500003441237,1,4,5.50841307267547,0,"l"
"970",991,"l3a",36,95,3.50000001234002,1,1,5.10841310024261,0,"l"
"971",992,"l3a",36,96,3.28500001694541,1,1,6.608413066715,0,"l"
"972",993,"l3a",36,101,3.11999999195803,1,1,22.5915869232267,0,"l"
"973",994,"l3a",36,102,5.08499998304527,1,1,14.5915869157761,0,"l"
"974",995,"l3a",36,103,1.01000000019325,1,1,1.591586926952,1,"l"
"975",996,"l3a",36,91,1.15499998835614,1,1,0.308413105085492,1,"l"
"976",997,"l3a",36,105,1.05499998904299,1,1,1.09158693812788,1,"l"
"977",998,"l3a",36,36,108.559999807328,1,7,0.00841310247778893,0,"l"
"978",999,"l3a",36,38,22.9225000187731,1,7,0.0100000004749745,0,"l"
"979",1000,"l3a",36,104,3.58150000000047,1,1,-0.00841310247778893,1,"l"
"980",1001,"l3a",36,86,1.77499997041887,1,4,22.0900000014808,0,"l"
"981",1002,"l3a",36,88,4.58000001278008,1,2,24.8915869276971,0,"l"
"982",1003,"l3a",36,89,6.58000000922941,1,2,13.5915869381279,0,"l"
"983",1004,"l3a",36,84,2.34999999564606,0,4,21.8899999978021,0,"l"
"984",1005,"l3a",36,100,2.13999997889856,0,1,24.7915869113058,0,"l"
"985",1006,"l3a",36,69,23.7100000290876,1,5,20.2900000032969,0,"l"
"986",1007,"l3a",36,70,2.24000002390472,1,5,38.7900000030641,0,"l"
"987",1008,"l3a",36,72,4.93000001837964,0,5,40.4084130655974,0,"l"
"988",1009,"l3a",36,73,6.69500006468269,1,5,25.7900000025984,0,"l"
"989",1010,"l3a",36,74,7.95500000218628,0,5,29.0915869176388,0,"l"
"990",1011,"l3a",36,75,23.1999999233056,1,5,16.9915869366378,0,"l"
"991",1012,"l3a",36,61,134.762000009609,1,6,34.5900000014808,0,"l"
"992",1013,"l3a",36,39,28.9549999427853,1,7,27.6084130629897,0,"l"
"993",1014,"l3a",36,42,38.2449998391047,1,6,1.70841310173273,0,"l"
"994",1015,"l3a",36,48,77.685000184339,1,6,21.4099999982864,0,"l"
"995",1016,"l3a",36,98,0.76999999718508,1,1,11.1084131058306,0,"l"
"996",1017,"l3a",36,90,2.55999998561805,0,2,11.491586919874,0,"l"
"997",1018,"l3a",36,63,11.1650000154995,0,6,24.1099999984726,0,"l"
"998",1019,"l3a",36,68,21.974999983015,1,5,24.2084130644798,0,"l"
"999",1020,"l3a",36,92,3.21000002175337,1,1,0.90841306373477,1,"l"
"1000",1021,"l3a",36,93,0.6399999784329,1,1,1.10841309651732,1,"l"
"1001",1022,"l3a",36,97,2.42000000404194,1,1,8.99000000208616,0,"l"
"1002",1023,"l3a",36,99,1.48000002650544,0,1,29.7900000005029,0,"l"
"1003",1024,"l3a",37,125,0.8124999969441,1,1,6.39000000082888,0,"l"
"1004",1025,"l3a",37,38,20.9700000007299,1,8,0.0100000004749745,1,"l"
"1005",1026,"l3a",37,126,1.8310000305702,0,1,29.8850415274501,0,"l"
"1006",1027,"l3a",37,48,81.9810002507872,1,7,19.8099999979604,0,"l"
"1007",1028,"l3a",37,61,231.522999698283,1,7,29.5850415248424,0,"l"
"1008",1029,"l3a",37,68,25.3085000070706,1,6,18.8149584457278,0,"l"
"1009",1030,"l3a",37,130,1.2520000290901,1,1,5.69000000250526,0,"l"
"1010",1031,"l3a",37,131,1.3894999931992,1,1,7.59504153393209,0,"l"
"1011",1032,"l3a",37,36,103.834499765476,1,8,0.0100000004749745,0,"l"
"1012",1033,"l3a",37,86,23.340499985896,1,5,14.089999999851,0,"l"
"1013",1034,"l3a",37,88,3.4860000358939,0,3,30.9850415214896,0,"l"
"1014",1035,"l3a",37,89,30.7785000372246,1,3,11.3850415218621,0,"l"
"1015",1036,"l3a",37,91,5.6005000400187,1,2,2.50495844520628,0,"l"
"1016",1037,"l3a",37,92,7.5789999700771,0,2,0.314958486706018,1,"l"
"1017",1038,"l3a",37,93,15.3049998527789,1,2,0.204958487302065,0,"l"
"1018",1039,"l3a",37,95,33.8959999783335,1,2,2.00495845638216,0,"l"
"1019",1040,"l3a",37,127,2.7320000514337,0,1,24.3900000001304,0,"l"
"1020",1041,"l3a",37,128,0.8939999927536,0,1,25.4850415512919,0,"l"
"1021",1042,"l3a",37,129,1.4560000177936,0,1,23.7950415350497,0,"l"
"1022",1043,"l3a",37,116,3.7815000506353,1,1,11.3899999996647,0,"l"
"1023",1044,"l3a",37,77,24.0385001025522,1,6,-0.0149584840983152,0,"l"
"1024",1045,"l3a",37,81,11.8334999598526,1,5,4.60495846346021,0,"l"
"1025",1046,"l3a",37,119,0.880999985174,0,1,0.390000001061708,1,"l"
"1026",1047,"l3a",37,120,1.3304999699576,0,1,0.689999997848645,1,"l"
"1027",1048,"l3a",37,121,1.8750000136788,1,1,12.1900000027381,0,"l"
"1028",1049,"l3a",37,122,1.6964999981774,0,1,26.1899999983143,0,"l"
"1029",1050,"l3a",37,123,2.9590000149063,1,1,22.9899999976624,0,"l"
"1030",1051,"l3a",37,124,3.4194999838837,1,1,13.3900000015274,0,"l"
"1031",1052,"l3a",37,110,1.1700000057882,0,1,7.58999999961816,0,"l"
"1032",1053,"l3a",37,96,4.4173000186866,0,2,8.61495845019817,0,"l"
"1033",1054,"l3a",37,97,21.1269998457359,1,2,6.39000000082888,0,"l"
"1034",1055,"l3a",37,98,2.4270000381472,0,2,13.9049584511667,0,"l"
"1035",1056,"l3a",37,101,17.9399999484909,1,2,20.0950415339321,0,"l"
"1036",1057,"l3a",37,102,12.6089999618384,1,2,14.785041520372,0,"l"
"1037",1058,"l3a",37,103,2.5305000387242,1,2,1.98504151776433,1,"l"
"1038",1059,"l3a",37,104,13.0984999763824,1,2,-0.0149584840983152,0,"l"
"1039",1060,"l3a",37,105,4.9905000080324,1,2,2.69504152238369,0,"l"
"1040",1061,"l3a",37,39,25.9575000329246,1,8,34.6149584744126,0,"l"
"1041",1062,"l3a",37,42,64.6999998028448,0,7,0.204958487302065,0,"l"
"1042",1063,"l3a",37,108,1.4629999758506,0,1,12.7049584873021,0,"l"
"1043",1064,"l3a",37,109,1.0049999875238,0,1,16.8049584608525,0,"l"
"1044",1065,"l3a",37,114,1.8000000417698,0,1,1.29000000306405,1,"l"
"1045",1066,"l3a",37,111,1.3470000237373,0,1,5.98999999929219,0,"l"
"1046",1067,"l3a",37,112,2.2710000247541,1,1,4.38999999896623,0,"l"
"1047",1068,"l3a",37,113,3.6024999801384,1,1,21.1149584501982,0,"l"
"1048",1069,"l3a",37,118,4.2300000601495,1,1,6.79000000236556,0,"l"
"1049",1070,"l3a",37,115,1.0404999804769,0,1,8.28999999794178,0,"l"
"1050",1071,"l3a",37,75,15.3205001051263,1,6,18.1850415188819,0,"l"
"1051",1072,"l3a",37,117,3.4820000523941,1,1,0.589999998919666,1,"l"
"1052",1073,"l3a",37,69,52.2009999995071,1,6,16.1900000006426,0,"l"
"1053",1074,"l3a",37,106,5.4064499856999,0,1,-0.0250415410846472,1,"l"
"1054",1075,"l3a",37,107,3.3800000108359,0,1,3.09000000124797,0,"l"
"1055",1076,"l3a",37,76,24.8214999804241,1,6,-0.0149584840983152,0,"l"
"1056",1077,"l3a",37,70,2.5754999993432,0,6,37.8900000010617,0,"l"
"1057",1078,"l3a",37,73,9.8760000195655,0,6,27.990000002319,0,"l"
"1058",1079,"l3a",44,292,6.1515000552244,0,1,13.4084130637348,0,"l"
"1059",1080,"l3a",44,296,1.95999999061227,0,1,1.99158691102639,1,"l"
"1060",1081,"l3a",44,290,5.36999999818625,0,1,8.40841308236122,0,"l"
"1061",1082,"l3a",44,298,5.28000001204666,1,1,2.89158690720797,0,"l"
"1062",1083,"l3a",44,291,12.8239999733856,1,1,12.6084130723029,0,"l"
"1063",1084,"l3a",44,295,3.52500000307337,0,1,8.09158690972254,0,"l"
"1064",1085,"l3a",44,293,4.07499998983694,0,1,35.2084130980074,0,"l"
"1065",1086,"l3a",44,294,1.67999999428168,0,1,0.391586910700426,1,"l"
"1066",1087,"l3a",44,297,2.08000001656357,0,1,5.39158690953627,0,"l"
"1067",1088,"l4",19,61,2.71499998928281,1,1,2.50000000232831,1,"l"
"1068",1089,"l4",19,60,0.81999999640509,0,1,0.900000002002344,1,"l"
"1069",1090,"l4",19,65,1.29999998670537,1,1,3.60000000218861,1,"l"
"1070",1091,"l4",19,69,0.8399999657087,0,1,0.600000005215406,1,"l"
"1071",1092,"l4",19,70,1.22500000402797,1,1,0.199999986216426,1,"l"
"1072",1093,"l4",19,64,1.12999999180203,0,1,0,1,"l"
"1073",1094,"l4",19,62,1.48500001359265,0,1,1.00000000093132,1,"l"
"1074",1095,"l4",19,68,1.01000000921544,1,1,0.999999977648258,1,"l"
"1075",1096,"l4",19,63,1.47999999856576,0,1,0.099999998928979,1,"l"
"1076",1097,"l4",19,66,1.26999999345979,0,1,5.99999999976717,0,"l"
"1077",1098,"l4",19,67,1.0149999800045,0,1,3.99999999790452,0,"l"
"1078",1099,"l4",20,61,2.1750000226777,1,2,1.20999999926426,1,"l"
"1079",1100,"l4",20,65,1.72500003726454,1,2,0.109999999403954,0,"l"
"1080",1101,"l4",20,71,0.3000000104541,1,1,1.30999999819323,1,"l"
"1081",1102,"l4",20,68,0.40000000947621,1,2,2.09158691577613,1,"l"
"1082",1103,"l4",20,70,1.37499998742714,1,2,1.19158690795302,1,"l"
"1083",1104,"l4",21,72,1.81999999652151,1,1,5.51390323671512,0,"l"
"1084",1105,"l4",21,65,2.55150001688302,0,3,0.013903237413615,1,"l"
"1085",1106,"l4",21,68,1.56600003129896,0,3,0.891586905345321,1,"l"
"1086",1107,"l4",21,61,3.91850001274701,1,3,0.013903237413615,1,"l"
"1087",1108,"l4",21,71,1.10499999757623,0,2,0.013903237413615,1,"l"
"1088",1109,"l4",21,70,1.51054999844106,0,3,0.00158692710101604,1,"l"
"1089",1110,"l4",22,74,2.05999999952968,0,1,44.3100000265986,0,"l"
"1090",1111,"l4",22,72,0.839999996267725,1,2,2.50999999698251,1,"l"
"1091",1112,"l4",22,73,0.810000012335368,0,1,42.1099999919534,0,"l"
"1092",1113,"l4",22,61,1.74000000347383,1,4,0.410000002011657,1,"l"
"1093",1114,"l4",23,61,2.90999999587424,1,5,0.609999999869615,1,"l"
"1094",1115,"l4",23,72,3.29000000024913,1,3,0.0100000004749745,0,"l"
"1095",1116,"l4",23,75,1.29000000147149,0,1,9.31000001728535,0,"l"
"1096",1117,"l4",23,76,2.35500000485219,1,1,5.31000000191852,0,"l"
"1097",1118,"l4",23,77,0.980000024701,1,1,15.4099999926984,0,"l"
"1098",1119,"l4",23,80,0.36000000276603,1,1,7.38999997265637,0,"l"
"1099",1120,"l4",23,78,0.72000000087544,1,1,10.81000000122,0,"l"
"1100",1121,"l4",23,79,1.17000001248205,1,1,24.9100000131875,0,"l"
"1101",1122,"l4",23,81,0.52500001669396,0,1,7.18999998643994,0,"l"
"1102",1123,"l4",24,80,1.78000002357177,1,2,7.19158691354096,0,"l"
"1103",1124,"l4",24,78,0.96499998369487,1,2,13.1099999998696,0,"l"
"1104",1125,"l4",24,72,0.84499997520586,0,4,3.2100000011269,0,"l"
"1105",1126,"l4",24,82,0.2499999946449,0,1,16.4084130898118,0,"l"
"1106",1127,"l4",24,83,0.36000000276603,0,1,19.508413085714,0,"l"
"1107",1128,"l4",24,79,3.41500001736218,1,2,23.408413073048,0,"l"
"1108",1129,"l4",24,61,11.2050000000908,1,6,0.0100000004749745,1,"l"
"1109",1130,"l4",24,76,3.71000001657288,1,2,3.71000000159256,0,"l"
"1110",1131,"l4",24,77,1.80500000382774,0,2,16.6084130760282,0,"l"
"1111",1132,"l4",28,78,18.5565499949527,0,6,4.3100000009872,0,"l"
"1112",1133,"l4",28,79,41.1246000639323,1,6,15.9149584826082,0,"l"
"1113",1134,"l4",28,80,7.85750003422261,1,6,0.0950415153056383,1,"l"
"1114",1135,"l4",28,61,5.6699999574176,1,10,0.0100000004749745,1,"l"
"1115",1136,"l4",28,76,75.7336500660551,1,6,-0.0250415410846472,0,"l"
"1116",1137,"l4",29,61,6.85000004360918,1,11,0.0100000004749745,1,"l"
"1117",1138,"l4",29,170,1.76500000817701,0,1,6.39000000082888,0,"l"
"1118",1139,"l4",29,171,10.5938999735007,1,1,0.00158692710101604,1,"l"
"1119",1140,"l4",29,80,33.2164999401234,1,7,0.00158692710101604,0,"l"
"1120",1141,"l4",29,76,49.8449998743902,1,7,0.0100000004749745,0,"l"
"1121",1142,"l4",29,79,65.2600001358752,1,7,15.7084130682051,0,"l"
"1122",1143,"l4",30,61,7.27499997804407,1,12,0.00841309083625674,1,"l"
"1123",1144,"l4",30,171,16.6799999919534,1,2,0.191586930304766,0,"l"
"1124",1145,"l4",30,80,24.4049999187398,1,8,0.591586902737617,0,"l"
"1125",1146,"l4",30,79,62.9200000075926,1,8,15.0084130931646,0,"l"
"1126",1147,"l4",30,172,1.80500002769288,0,1,15.0915869046003,0,"l"
"1127",1148,"l4",30,76,36.2950001011906,1,8,0.00841309083625674,0,"l"
"1128",1149,"l4",31,61,8.07500000246801,1,13,0.015717773931101,1,"l"
"1129",1150,"l4",31,171,8.94349988508597,1,3,-0.00495845451951027,1,"l"
"1130",1151,"l4",31,173,0.87450001639617,0,1,10.9149584546685,0,"l"
"1131",1152,"l4",31,80,13.6423999512742,1,9,0.0950415153056383,0,"l"
"1132",1153,"l4",31,76,43.7077497569567,1,9,0.015717773931101,0,"l"
"1133",1154,"l4",31,79,51.95615009016,1,9,10.4149584658444,0,"l"
"1134",1155,"l4",32,76,69.453499723753,1,10,0.0100000004749745,0,"l"
"1135",1156,"l4",32,80,20.4954999719529,1,10,-0.00495845451951027,1,"l"
"1136",1157,"l4",32,171,10.0750001121894,1,4,-0.0149584840983152,1,"l"
"1137",1158,"l4",32,61,14.8180000117565,1,14,0.510000000940636,0,"l"
"1138",1159,"l4",32,79,40.9249999242777,1,10,13.4049584623426,0,"l"
"1139",1160,"l4",33,175,1.61000000276603,0,1,36.308413092047,0,"l"
"1140",1161,"l4",33,61,14.2099999968405,1,15,0.00841309083625674,1,"l"
"1141",1162,"l4",33,76,55.0049999993109,1,11,0.00841310247778893,0,"l"
"1142",1163,"l4",33,79,59.1950001493749,1,11,14.2084131017327,0,"l"
"1143",1164,"l4",33,176,1.03999999256572,0,1,0.791586912237108,1,"l"
"1144",1165,"l4",33,171,16.9649999599462,1,5,0.191586930304766,1,"l"
"1145",1166,"l4",33,174,2.40500002851943,0,1,29.3084130622447,0,"l"
"1146",1167,"l4",33,80,13.2900000153831,1,11,1.2915869243443,1,"l"
"1147",1168,"l4",34,79,40.6349999156757,1,12,16.0084130708128,0,"l"
"1148",1169,"l4",34,61,7.0400000046147,0,16,0.0100000004749745,1,"l"
"1149",1170,"l4",34,76,24.534999998901,1,12,0.0100000004749745,0,"l"
"1150",1171,"l4",34,171,10.5449998940295,1,6,0.0915869139134884,1,"l"
"1151",1172,"l4",34,80,14.9049999554688,1,12,0.791586935520172,1,"l"
"1152",1173,"l4",35,76,6.23500003262656,1,13,1.20841306634247,0,"l"
"1153",1174,"l4",35,79,11.5199999939254,1,13,20.4084130935371,0,"l"
"1154",1175,"l4",35,80,2.30549997136626,1,13,0.00158692710101604,1,"l"
"1155",1176,"l4",35,171,10.104799997208,1,7,0.00158692710101604,1,"l"
"1156",1177,"l4",36,80,18.2739999573145,1,14,0.791586935520172,0,"l"
"1157",1178,"l4",36,184,0.63000000396743,0,1,18.7915869057178,0,"l"
"1158",1179,"l4",36,76,19.8899999607378,1,14,0.00841310247778893,0,"l"
"1159",1180,"l4",36,79,47.0950001530302,1,14,13.8084130827338,0,"l"
"1160",1181,"l4",36,187,1.39999996506376,0,1,10.9915869310498,0,"l"
"1161",1182,"l4",36,188,0.74500002566027,0,1,11.091586900875,0,"l"
"1162",1183,"l4",36,189,1.35999998483807,0,1,10.0915869232267,0,"l"
"1163",1184,"l4",36,171,20.0575000549678,1,8,0.00158692710101604,1,"l"
"1164",1185,"l4",36,177,0.9049999986589,1,1,8.30841306596994,0,"l"
"1165",1186,"l4",36,178,1.91000004407018,1,1,3.49000000278465,0,"l"
"1166",1187,"l4",36,179,2.13999998850282,1,1,2.18999999924563,1,"l"
"1167",1188,"l4",36,180,1.48000000555068,0,1,4.59000000264496,0,"l"
"1168",1189,"l4",36,181,1.58500000184635,1,1,26.191586907953,0,"l"
"1169",1190,"l4",36,182,1.80999999644468,1,1,4.38999999896623,0,"l"
"1170",1191,"l4",36,183,1.41999998908257,0,1,6.89000000129454,0,"l"
"1171",1192,"l4",36,185,1.1949999842979,1,1,16.6915869340301,0,"l"
"1172",1193,"l4",36,186,1.06499999668682,0,1,11.491586919874,0,"l"
"1173",1194,"l4",37,182,6.88699995704763,0,2,3.19158690981567,0,"l"
"1174",1195,"l4",37,191,1.14899998569069,0,1,5.69158691214398,0,"l"
"1175",1196,"l4",37,192,0.90000000691507,0,1,22.0915869111195,0,"l"
"1176",1197,"l4",37,76,13.6450000119698,1,15,0.00841309083625674,0,"l"
"1177",1198,"l4",37,79,66.6999999507505,1,15,9.61495847441256,0,"l"
"1178",1199,"l4",37,80,25.1000999272615,1,15,-0.00495845451951027,0,"l"
"1179",1200,"l4",37,171,21.586499993345,1,9,-0.0149584840983152,0,"l"
"1180",1201,"l4",37,177,1.06399998754053,1,2,6.51495847851038,0,"l"
"1181",1202,"l4",37,178,1.27499999131542,0,2,4.89158690907061,0,"l"
"1182",1203,"l4",37,179,8.30510003381418,1,2,1.19158690795302,1,"l"
"1183",1204,"l4",37,181,1.0149999951385,0,2,29.8850415274501,0,"l"
"1184",1205,"l4",37,185,0.45499998297775,0,2,16.3850415498018,0,"l"
"1185",1206,"l4",37,190,0.967999994952,0,1,0.291586911771446,1,"l"
"1186",1207,"l4",44,340,1.84949996955064,0,1,25.6149584893137,0,"l"
"1187",1208,"y1",24,45,1.91450002371753,1,1,21.7850415501744,0,"y"
"1188",1209,"y1",24,46,2.15959999301317,1,1,-0.0144702149555087,1,"y"
"1189",1210,"y1",25,45,1.33699998029578,0,2,22.3850415553898,0,"y"
"1190",1211,"y1",27,46,28.0750001445529,1,4,-0.00841310247778893,1,"y"
"1191",1212,"y1",28,46,3.91249998950516,1,5,-0.00841310247778893,1,"y"
"1192",1213,"y1",31,46,5.84390003540451,0,8,-0.0149584840983152,1,"y"
